ID,Functional,Chromosome,Start,End,Sequence,GeneID
RNA1,Yes,chr1,9967381,9967458,AGCATATTCTCAAGTAGTTTCATGATAAAGGGTGTATGAGAGATCAACCCTTTATCATGAAACGCTTGAGGATACGCT,URS000075DD5F_9606
RNA2,Yes,chr1,12507246,12507397,GCCCAGGGTATGTTCACGGGGCGATGCTgccctcccagctggcccatgggtgaccctgggaacattaactgcctcacaacgtttgtgcctcagttacccgtagatgtagtgagggtaacaatacttactctcgttggtgataaggaacagct,URS0000056589_9606
RNA3,Yes,chr1,16514122,16514285,atacttacctggcaggggagataccatgatcacgaaggtggttttcccagggcgaggcttatccattgcactccggatgtgctgacccctgcgatttccccaaatgtgggaaactcgactgcataatttgtggtagtgggggactgcgttcgcgctttcccctg,URS000032B6B6_9606
RNA4,Yes,chr1,22633258,22633366,actttctccatctaccaagatgagggagtgggtgggaggtgggaaggctgccccaaatggcctctaacatcccttccagTctcctcctcctcctcctccttcttcttct,URS000075F071_9606
RNA5,Yes,chr1,22719517,22719598,gcaccagGGGTACCTCTCTACTGACTTGCAACATACATTTGTCTTGGTGTGTTGCAAGTCGGTGGAGACGTACCCTTGGTGC,URS000075C836_9606
RNA6,Yes,chr1,23929070,23929147,GTCAGGTCCTGGACTCCCATAGTTTTCAGGCTGCTAAAcaacagaacgagcactggacttggagccagaagtcttggg,URS000075C7A2_9606
RNA7,Yes,chr1,27834401,27834566,CAGCACTTGATACTAACCGAGCTGTCTATATCCTAGCCTTGTGTCAAAGGCTTGTGATGTGTTGTGATAGCTGGGTTTAAGAAGTGCAATATTAAAACAAAAGCCATGAGTCTTTTAAGCCCAGTGTGTAAAGATACACTCTGAGTTATAACTCAGAGGCACAACT,URS000021BC29_9606
RNA8,Yes,chr1,28507365,28507571,tccaacgtggatacacccgggaggtcactctccccgggctctgtccaagtggcgtaggggagcatagggctctgccccatgatgtacaagtccctttccacaacgttggaaataaagctgggcctcgtgtctgcgcctgcatattcctacagcttcccagagtcctgtcgacaattactggggagacaaaccatgcaggaaacagcc,URS00000DE3E2_9606
RNA9,Yes,chr1,28508559,28508762,ccaacgtggataccctgggaggtcactctccccaggctctgtccaagtggcataggggagcttagggctctgccccatgatgtacagtccctttccacaacgttgaagatgaagctgggcctcgtgtctgcgcctgcatattcctacagcttcccagagtcctgtggacaatgactggggagacaaaccatgcaggaaacaTAT,URS00006422E6_9606
RNA10,Yes,chr1,28648600,28648734,AAAAAGGGCTTCTGTCGTGAGTGGCACACGTAGGGCAACTCGATTGCTCTGCGTGCGGAATCGACATCAAGAGATTTCGGAAGCATAATTTTTTGGTATTTGGGCAGCTGGTGATCGTTGGTCCCGGCGCCCTTT,URS000000A142_9606
RNA11,Yes,chr1,30739156,30739232,ctcttggtatgaacatctgtgtgttcatgtctctctgtgcACAGGGGACGAGAGTCACTGATGTCTGTAGCTGAGAC,URS000075AB16_9606
RNA12,Yes,chr1,33332393,33332492,ACTTTATACGTGTAATTGTGATGAGGATGGATAGCAAGGAAGCCGCTCCCACCTGACCCTCACGGCCTCCGTGTTACCTGTCCTCTAGGTGGGACGCTCG,URS000075BFBA_9606
RNA13,Yes,chr1,44252344,44252559,GGCCCAGCAATGTAATTTCACAGGGCGATCAGTGTTTGCATGTAATAGCAGGCTGCGCTGAGGTGTCAGAATATTAAAGGCGCTAATGGCAAAGCTCCCTGTTACACAGGGGGCCACCCGCCGCACCTACAGCAGGGCTATGCGGCAGGCCCGTCGCAGATGGCTGGCCACTAAGCTAATGGGGCAGCAGCCAAGGCGGGCAGAGCCACGAGAGGG,URS00008E3A22_9606
RNA14,Yes,chr1,44778390,44778458,TCTCAGTGATGAAAACTTTGTCCAGTTCTGCTACTGACAGTAAGTGAAGATAAAGTGTGTCTGAGGAGA,URS000040478E_9606
RNA15,Yes,chr1,51060018,51060103,cctgcctgcagaaaggagctatccactccaggtgtcctttcttctgagagctggacacttgttgggatgacctgcctgcaggtagg,URS000075C9B9_9606
RNA16,Yes,chr1,54054079,54054154,AGGTGCACGCTCTAGCGGGGATTCCAATATTGGGCCAATTCCCCCAATGTTGGAATCCTCGCTAGAGCGTGcactt,URS000075CD27_9606
RNA17,Yes,chr1,55225641,55225723,AGTTCTTCTGCAGACAAAAGCATCAGGAAGTACCCACCATGTaccagtgggcccttcttgatgctcttgattgcagaggagcc,URS000075B2A4_9606
RNA18,Yes,chr1,65057755,65057842,ATGTTATTGCTGCTGCTGTCACATTTACATGAAAATAAAATGTAAATTATTTTATTTCTATCAAATAAGGACTAGTCTGCAGTGATAT,URS000075A44B_9606
RNA19,Yes,chr1,68183518,68183610,ATCTACAATGGTGATGGGTGAATTTGTAGAAGGATGAAAGTCAAAGAATCCTTCTGGGAACTAATTTTTGGCCTTCAACAAGAATTGTGATAT,URS000075B14C_9606
RNA20,Yes,chr1,90657749,90657963,Caagactatattttcagggatcatttctacagtgcactactagagaagtttctgtgaacttgtagagcaccggaaaccatgagcaggaagtgcagcgttctctcctgagcatgaagccggctcttggtgtggcttcgctgcaactgccattggccattgatgatcgttcttctcttctctgggagagtaagagagagaggacacagtctgagtgg,URS000081E33F_9606
RNA21,Yes,chr1,94543702,94543779,GAAGTGTACTTTTTAATGGTGCCAAACAGCAGTTGATCTATAATAACTGCTGCTTGGCACCATTAAAAAGTACATATC,URS0000D4FC0D_9606
RNA22,Yes,chr1,109100192,109100612,TGTTTTAGGGAGGGAGAGCGGCCTGGGTCCTGGGTGTTGTGTGCGGAGCTGTGGCGTCGCGTGTGAGGCGCGTGCAGGGTGAGTGTGAGTGGACGCGTGAGTGTGTGAGTGTGCGCGCTTGGAGCGTGTTAGGCGAGTGCGTGCGCCCACCCCTGCGCCCCTCCTCCCGCTTACACTTTGATCTTATTTGATCGGATCGTGACCCCAGCCCCGCCGGGCCGACCCGAAATGAAAAGCTCTCCTCCTGCGAAGCCCCCTCGGGGCGCTGTGCAGCGAGGCCCCTTAGGCGGCGGCCACGCTGTGGTCCCCGAGGTCCCGGAGCTGGCCCTGCGGGGCCCGGCGCTCAGAAGTGATGAATTGATCAGATAGACGAGGCCGGGCTTGTCCCCGGCCACTGATTATCGAGGCGATTCTGATCTGG,URS000023DE4C_9606
RNA23,Yes,chr1,117094643,117094728,ATTAGGAGAGTATCTTCTCTGTTTTGGCCATGTGTGTACTCACAGCCCCTCACACATGGCCGAAACAGAGAAGTTACTTTCCTAAT,URS0000712C24_9606
RNA24,Yes,chr1,120942600,120942762,atgtttatctggcagaagaaatgttatgatcacgaaggtggtttttccagagcaaggcttagcagttttactgtggatgtgctgacccctgtgatttccccgaatgtgggaatcttgattacataatttgtggcagtggggaactgtgtctgtgtttttccct,URS00007E3365_9606
RNA25,Yes,chr1,120942600,120942763,atgtttatctggcagaagaaatgttatgatcacgaaggtggtttttccagagcaaggcttagcagttttactgtggatgtgctgacccctgtgatttccccgaatgtgggaatcttgattacataatttgtggcagtggggaactgtgtctgtgtttttccctg,URS0000681820_9606
RNA26,Yes,chr1,143699456,143699619,acacttacctggcaggggagatagtatgatcatgaaagtggtttttccagagcgaggcttatccattgcactccggatgtgttgacctctgcgatttccccaactgtgggaaactcgactgcgtaatttgtggtagtgggggactgcgttcgcgctttcccctg,URS0000669D0F_9606
RNA27,Yes,chr1,144412576,144412740,atacttacttggcgggggagataccatgatcacgaaggtggttttctcagggcgaggcttatccgttatgttccgggtgtactgacccctgccattttcccccaatgtgaggaactcgactgcataacttgtgatagtaggggactgcgttcgcgctttcccctg,URS000069B06F_9606
RNA28,Yes,chr1,144523860,144524021,atacttacgtaacaggagaaaatacggccatgaagttggtgtttctcgggggcgatttctccattgtactcagtatgtgctgactgactcctgttacttccacatgtggggaaactggactgtaatttgtggtggtggggaattgcgttcgcgctttcttct,URS0000648A89_9606
RNA29,Yes,chr1,144551779,144551943,atatttacttggcaggggagataacgtgaccacgaaggtggttttcccagggctgaggcttattcattgtactccggatgtgctgacccctgcgatttccccaaatgtgggaaactcgactgcataatttgtggtagtggggggctgtgtccgtgcttttccctg,URS000012964C_9606
RNA30,Yes,chr1,145281116,145281279,atacttacctggaaggggagataccatgatcacgaaggtggtttttctcagggcgaagcttatccattgcgttccggatgtgctgacccctgcgatttccccaagtgtgggaaactcgagtgcataatttgtgatagtagggaactacgttcgcgctttctctt,URS00006C1430_9606
RNA31,Yes,chr1,146035692,146035760,tccctggtggtctagtggttaggattcggcgctctcaccgccgcggcccgggttcgattcccggtcagg,URS0000635088_9606
RNA32,Yes,chr1,146037061,146037132,gcgttggtggtatagtggtgagcatagctgccttccaagcagttgacccgggttcgattcccggccaacgca,URS000034AAC2_9606
RNA33,Yes,chr1,146052081,146052244,atacttacctggcaggagagataccctggtcacgaaggtggtttttccagagcgagtcttatccattgcactccggatctgctgacccctgcagtttccccaaatgtgggaaacttgactgtataatttgtggcagtggtagactgcattcgcgctttcccctg,URS0000667BF0_9606
RNA34,Yes,chr1,146409903,146410062,atacttacgtaacaggagaaaatacggccatgaagttggtgtttttcgggggcgatttctccattgtactcagtatgtgctgactgactcctgttacttccacatgtggggaaactggactgtaatttgtggtggtggggaattgcgttcgctttcttct,URS00006B75C2_9606
RNA35,Yes,chr1,148038753,148038916,atacttacctggcaggggagataccatgatcacgaaggtggttttcccagggcgaggcttatccattgcactccggatgtgctgacccctgcgatttccccaaatgtgggaaactcgactgcataatttgtggtagtgggggactgcgtccgcgctttcccctg,URS00000081EA_9606
RNA36,Yes,chr1,148263476,148263632,Gtagttacctgggagggaagatagtattgtgaagatcgtttttccagagtgaggttttttctattgtgtgtactgattcttgcgattttcctaaatgtaggaaattccactgcataatttgtggtagtggggggggctgcgttagtgaattccgctg,URS000065A7DE_9606
RNA37,Yes,chr1,148334612,148334767,Ctaattacctggcatcggagaggacgttatgaaggttgttttcccagggcgttgcttttccattgcactgtggacgtgctgatcctgcgattaacccaaatgggagaaatttggctgcacaataacagtggagaactgcgttagtgctttccgctg,URS00006D5E8B_9606
RNA38,Yes,chr1,148362370,148362533,atacttacctggcaggggagatacgatgatcacgaaggtggttttcccagggagaggcttatccattgcactccggatgtgctgacccctgccgtttccccaaatgtgggaaactcgactgcataatttgtggtagtgggggactgcgttcgcgctgtcctctg,URS0000162127_9606
RNA39,Yes,chr1,148388282,148388363,CCTGCGTAGAAAGGGAAGAGCTGTACGGCCTTCGCGCTAGTTTGTTTGTGTTAAGGCTGACGCTCCCTATTTCTCCTCAGTG,URS000075AB26_9606
RNA40,Yes,chr1,148388490,148388651,atatttacttggcaggggagataacatgatcacgaaggtggttttcccagggcgaggcttatccattgcactccagatgtgttgacccctgcgatttccccaaatgtgggaaactcgattgcataatttgtggtagtggtactgcgttcgcgctttcccctg,URS0000308A28_9606
RNA41,Yes,chr1,148402715,148402875,atatttatctggcagaagaaatgttatgatcacgaaggtggtttttccagggcaaggcttagcaattttactctggatgtgctgacccctgtgatttccccaaatgagggaatctcgactacataatttgtggcagtggggaactgtttgtgctttcccct,URS000075CD30_9606
RNA42,Yes,chr1,148522601,148522765,atacttacctggcaggggagataccatgatcatgaaggcgcttttctcatggtcgcggcttatccattgcgttccagatgtgctgacctctgcgatttccccaaatgtgggaaactcgactgcataatttgtgatagtggggggctgcgttcgtgctttcccctg,URS00006CA71A_9606
RNA43,Yes,chr1,149162783,149162944,Gtacttacgtaacaggagaaaatacggccatgaagttgatgtttctcgggggcgatttctccattgtactcagtatgtgctgactgactcctgttacttccacatgtggggaaactggactgtaatttgtggtggtggggaattgcgttcgcgctttcttct,URS0000C0EBCC_9606
RNA44,Yes,chr1,149558419,149558493,gtctctgtggcgcaattggttagcgcgttcggttgttaaccgtaaaggttggtggttcgagcccacccaggaacg,URS0000659172_9606
RNA45,Yes,chr1,149636766,149636929,atgtttatctgacagaagaaatgttatgatcacgaaggtggtttttccagagcaaggcttagcaattttgctgtggatgtgctgacccctgtgatttccccgaatgtgggaatctccattacataacttgtggcagtggggaactgtgtctgtgttttcccctg,URS00006AEEA6_9606
RNA46,Yes,chr1,151545796,151545891,ACCTGAGTAACCTTTGCTAGTCCTGACTCAGCCAGTACTGGTCTTAGACTGGTGATGGGTCAGGGTTCATATTTTGGCATCTCTCTCTGGGCATCT,URS0000626340_9606
RNA47,Yes,chr1,155346350,155346445,GGAGTGAACTCAGATGTGGAGCACTACCTTTGTGAGCAGTGTGACCCAAGGCCTGTGGACAGGGTAAGCTGAACCTCTGATAAAACTCTGATCTAT,URS000075E19D_9606
RNA48,Yes,chr1,155679108,155679255,AAGTCTCCTTGTTATGGGGCAGTGCAGCTGTAGGCCAAGCTGTATCTGTTTGGGAAGGGAGAAAAAACAGTAGCTGGCATCCATATCCACTTCTCCGGGTGAGTGGTGCTGGAGAGGTATGTAGGACTCAATGTGGCCAGCCACACAA,URS00008E3A3C_9606
RNA49,Yes,chr1,159141611,159141684,GTctctgtggcgcaatggacgagcgcgctggacttctaatccagaggttccgggttcgagtcccggcagagATG,URS000007E37F_9606
RNA50,Yes,chr1,159899979,159900079,GATGGGCCCCTTGTGTCCTGAATTGGGTGGGGGCTCTGAGTGGGGAAAGTGGGGGCCTAGGGGAGGTCACAGTTGGGTCTAGGGGTCAGGAGGGCCCAGGA,URS00007E3AE8_9606
RNA51,Yes,chr1,171101728,171101806,AGGACATTTTGCCCAGATCCGTGGCCTATTCAGAAATGTGGCCTGTGATTAGGCCGCAGATCTGGGTGAAATGTCCTCC,URS000075C2E2_9606
RNA52,Yes,chr1,172138798,172138907,GGCCTGGCTGGACAGAGTTGTCATGTGTCTGCCTGTCTACACTTGCTGTGCAGAACATCCGCTCACCTGTACAGCAGGCACAGACAGGCAGTCACATGACAACCCAGCCT,URS0000160683_9606
RNA53,Yes,chr1,173865622,173865686,GTGTAATGATGTTGATCAAATGTCTGACCTGAAATGAGCATGTAGACAAAGGTAACACTGAAGAA,URS00006CFC33_9606
RNA54,Yes,chr1,173866301,173866370,AGATACTATGATGGTTGCATAGTTCAGCAGATTTAATCATGAAGAGATGTACTATCTGTCTGATGTATCT,URS000082A21B_9606
RNA55,Yes,chr1,173866879,173866938,AGCCTGTGATGCTTTAAGAGTAGTGGACAGAAGGGATTTCTGAAATTCTATTCTGAGGCT,URS000026D828_9606
RNA56,Yes,chr1,175968397,175968540,AATGGAAGCTGCTGGAACCAGCCATGTGGACAAATGAAAAAATGCCTTTTGTCTACAGATTGCAGCGATCCTACATAAATATATGGAGGTCTCTGTCTGGCTTAGGACAGCTGGCTAAGTCTGATCGTTCCCCTCCGTACAGCC,URS000075E781_9606
RNA57,Yes,chr1,179803924,179804025,GCCTTTGGTTCTTCTTAGGCTTCCCCCTCCTCCTGCCCCCTGGCCTGCTTGCCTCCAGGCCAGGCGGCAGGAGGAGGGGGAAGCCTAAGAAGAACCCAGAGC,URS0000D56B84_9606
RNA58,Yes,chr1,180438314,180438390,AAATGGTTATGTCCTTTGCCTATTCTATTTAAGACACCCTGTACCTTAAATAGAGTAGGCAAAGGACAGAAACATTT,URS000075D174_9606
RNA59,Yes,chr1,201719508,201719627,AGTTGGCCAGGACCCCAAGCCCCCAGCACTTCATTCTTGCTGTCCTCTCCTGGTCTGGGAGGATAGAAGAGAGGATAGGAAGAATGAAGTGCTGGGCGCTTAGGGGGATCCTGGCCAACT,URS000075DFB5_9606
RNA60,Yes,chr1,207801852,207801939,ATCTCTTACACAGGCTGACCGATTTCTCCTGGTGTTCAGAGTCTGTTTTTGTCTAGCACCATTTGAAATCGGTTATGATGTAGGGGGA,URS000075B799_9606
RNA61,Yes,chr1,207802443,207802523,CTTCTGGAAGCTGGTTTCACATGGTGGCTTAGATTTTTCCATCTTTGTATCTAGCACCATTTGAAATCAGTGTTTTAGGAG,URS00001E96DA_9606
RNA62,Yes,chr1,220118157,220118241,ATGGTGTTATCAAGTGTAACAGCAACTCCATGTGGACTGTGTACCAATTTCCAGTGGAGATGCTGTTACTTTTGATGGTTACCAA,URS00002D5B50_9606
RNA63,Yes,chr1,228097263,228097341,GTGAGGTGGGGGCCAGCAGGGAGTGGGCTGGGCTGGGCTGGGCCAAGGTACAAGGCCTCACCCTGCATCCCGCACCCAG,URS000075F100_9606
RNA64,Yes,chr1,228462074,228462152,ATCACTTAAATACATGTCAGATTGTATGCCTACAAAATCCCTCCAGACTGGCATACAATCTGACATGTATTTAAGAGAT,URS000075BBE5_9606
RNA65,Yes,chr10,3134104,3134298,tcccctgcaatgatgatgaaatagtaggcatatgtgtgatcttcttaaagaatccacaacggttatcagattaaagctgtgacccATCCCCAGCTCAGATGAGTTCATGAAATCCTGATTTAAGATTTTAAAATAATGAAGATTGTTAGTTGACTTGTTCGGTTTATTAAAATCCTCATCTTACTGAGCGGGGGG,URS0000A766EB_9606
RNA66,Yes,chr10,3991160,3991259,GCAGAGGAGAAAGAGCCACCGCCTGAGCTAGCTGTGGACAGAGGCAAAACTCTAACTTCAGCTGGTTTTGAGTGAGAAGTGGGTCTCTGTTAAAATGCTA,URS000075E292_9606
RNA67,Yes,chr10,14383200,14383277,agagacacctgttccttgggaagctggtgacattgctaattcatttcacaccagcctgacaggaacagccTGACTGAA,URS000075C2F1_9606
RNA68,Yes,chr10,14436576,14436661,ATGGTTTGGGACTCAGGATGTGGTCAAGTGTTGTTAAGGCATGTTCAGGAACAATACTTGACCACATTTTGAATTCCAAACCATAT,URS00006A766D_9606
RNA69,Yes,chr10,21496562,21496641,TGAGAGGCCGCACCTTGCCTTGCTGCCCGGGCCGTGCACCCGTGGGCCCCAGGGCGACGCGGCGGGGGCGGCCCTAGCGA,URS000075C681_9606
RNA70,Yes,chr10,24275685,24275781,GATTGATGCTGttggtttggtgcaaaagtaattgcagtgcttcccatttaaaagtaatggcacacactgcaattacttttgctccaacttaaTACTT,URS00000EBE00_9606
RNA71,Yes,chr10,29545004,29545097,AGAGCATCGTGCTTGACCTTCCACGCTCTCGTGTCCACTAGCAGGCAGGTTTTCTGACACAGGCTGCGGAATTCAGGACAGTGCATCATGGAGA,URS0000664FAA_9606
RNA72,Yes,chr10,35079598,35079680,agcaggtctaataagaatttctttttcttcacaattatgaaagaaaagaaattgtgaagaaagaaattcttactagttttgct,URS000075C882_9606
RNA73,Yes,chr10,42997563,42997681,CCATGAGGAGCTGGCAGTGGGatggcctgggggtaggagcgtggcttctggagctagaccacatgggttcagatcccagcggtgcctctaactggccacaggaccttgggcagtcagct,URS000075DAD1_9606
RNA74,Yes,chr10,43417250,43417440,ATTAGGCGGctttcagggatcatttctatagtctgctactagagtactttctgtgaaagtgtagagcccccggaaacgacaggaggtgcagttttctcctgagtgtgaagccggcgcttggtgttgctttcgccattgaggtttcttctcctccgtgggggaatgagagggagaggacacaggctgaatgg,URS0000ABD851_9606
RNA75,Yes,chr10,45164014,45164088,GCAGAAGAAAGATCTGGAAGTGGGAGACACTTTTACTATATATAGTGGCTCCCACTTCCAGATCTTTCTCTCTGT,URS000075B4BC_9606
RNA76,Yes,chr10,45984608,45984811,TTTCCAGCAGTAGTCAGCTGTCTGGACAGAACCATTCCTGGGATCATGTTACACTGCTGGGAGAAGAATGTCTTCTCTTCATCCAGTTGCGTCCATCACTGTTCTGGTGGTGTCTGGCACTGGTGCAAGGCAGAACTGTGCTTCCTTGAGAGTGTGCTGAGCATTCACCTTGGCTGCTTGGTTCTAGTCTAGGAGCAGACACAG,URS0000ABD877_9606
RNA77,Yes,chr10,49954212,49954415,TTTCCAGCAGTAGTCAGCTGTCTGGACAGAACCATTCCTGGGATGGTGTTACACTGCTGGGAGAAGAATGTCTTCTCTTCATCCAGTTGCCTCCATCACTGTTCTGGTGGTGTCTGGCACTGGTGCAAGGCAGAACTGTGCTTCCTTGAGAGTGTGCTGAGCATTCACCTTGGCTGCTTGGTTCTAGTCTGGGAGCAGACACAG,URS0000BC453E_9606
RNA78,Yes,chr10,68755172,68755238,GAGTTATGATGTGTGTAAATCCTATTCCATTGCTGAAATGCAGTGTGGAACACAATGAACTGAACTC,URS000062C164_9606
RNA79,Yes,chr10,75021733,75021791,GGTTCCTGAGATGATGCAGCTGGAATGTGCTTGGCTGGCTGGCTGTCCTGATCAGAACC,URS0000ABD8A3_9606
RNA80,Yes,chr10,75552458,75552553,tgtatccttggtttttagtagttttactatgatgaggtgtgccatccaccccatcatagtaaactactgaaaatcaaagatacaagtgcctgacca,URS000075AF3B_9606
RNA81,Yes,chr10,89063336,89063410,GTCTTTTTTCTGTGATAGAGATTCTTTGCTTTGTTAGAAACAAAAAGCAAAGAATCTCTATCACAGAAAAAAGAT,URS000075E4B7_9606
RNA82,Yes,chr10,96064315,96064399,GGGAAGGGCTTCAGCCAGGCTAGTGCAGTCTGCTTTGTGCCAACACTGGGGTGATGACTGCCCTAGTCTAGCTGAAGCTTTTCCC,URS000075CBE4_9606
RNA83,Yes,chr10,98395218,98395307,GTTGTGCTGTCCAGGTGCTGGATCAGTGGTTCGAGTCTGAGCCTTTAAAAGCCACTCTAGCCACAGATGCAGTGATTGGAGCCATGACAA,URS000072632B_9606
RNA84,Yes,chr10,100237156,100237302,AGTTGTGGTGGTTTTCTTTTTGGCACATTTGTTAAGTTTTCAAATGGGCCTAACTCTGCCACATATATAATATCGGAGATGGCAAAGGCTTGTGACGGAGATATCTCTCTTAAGCCTTTCCTGCATCAGAGAATGGCTCCCACATGT,URS000002084A_9606
RNA85,Yes,chr10,104218789,104218883,TGCTCGGCTGTTCCTAGGGTGTTTCTCTCATCTCTGGTCTATAATGGGTTAAATAGTAGAGATGAGGGCAACACCCTAGGAACAGCAGAGGAACC,URS00006E8036_9606
RNA86,Yes,chr10,112299612,112299688,GGTTGTGCCCACAGGCACGACTGGTTTGGCAATTCAGTAAAAATGCTCAAACCGGCTGTGCCTGTGGACGCAGCCCA,URS000075C57B_9606
RNA87,Yes,chr10,113045355,113045576,caggatgtgaaacaaggcaccctggctccagagcacaccgtcctctcaaccactGCAGAGAAGCTGGGAAAGAGACAAATAAGTGGGTGCTTAGAGCACAATGTGTGTGGTGTGCCAAGAGCAGCTGGGAGCCCTGGGACCCCCAGGGAACCCCAGCCCCACCTGGGCATGGTGGGCATGGCTGGAGGAGGCCTGCTGGCTTTGCTGGAGAGTGGGACATGC,URS00008E3A56_9606
RNA88,Yes,chr10,114174105,114174179,CAGGGGTTTGGGGAAACGGCCGCTGAGTGAGGCGTCGGCTGTGTTTCTCACCGCGGTCTTTTCCTCCCACTCTTG,URS000060875E_9606
RNA89,Yes,chr10,116194732,116194789,ATTGATGATGAAATGAGCTGACCAATGGCGCAAAGATGCTCCTAAATGCTGATGTATC,URS0000ABD803_9606
RNA90,Yes,chr10,125032783,125032870,TTGGGCTTTGATGTGGGCTCAGGCTCAGAGGGCTGAAGTGGTTGTGGGGAGGGGCTTCTGGGGACTGTGTCCATGTCTCTGTCGTTTT,URS000075C881_9606
RNA91,Yes,chr10,125819740,125819822,gggtttcctctgcctttttttccaatgaaaatAACGAAACCTGTTATTTCCCATTGAGGGGGAAAAAGGCGGGAGAAGCCCCA,URS000075AD55_9606
RNA92,Yes,chr10,129843299,129843374,AGCACGCACGTGCCTTCCTGTCTGTGCCTGCCTTCGAAGTGCACGGCAGGGCCAGGACGGGTCGCTGTGGGTGGGG,URS000075EB7F_9606
RNA93,Yes,chr11,1949331,1949476,TGCTGGGGTTGGGTGAGTGAAGACTCAGCCCCACTGGCCCGGCCACCAGGCTGCCATGTGTCAGTGTGGTCATCAGGAGGCCTGGGGTGGACATGATTAGTGATCGGGCTTTGTTACAGGCGCCTTGCCTCTGAGAGGTCCCAGCA,URS00008E3A32_9606
RNA94,Yes,chr11,3856062,3856141,ACCTGAGGAGCCAGCCCTCCTCCCGCACCCAAACTTGGAGCACTTGACCTTTGGCTGTTGGAGGGGGCAGGCTCGCGGGT,URS000075B3CF_9606
RNA95,Yes,chr11,11783135,11783222,ACTTGATCCCATGTGATTGACGGCTGACTCCATGTGAGTGAAGCCTGATCATCATGTGAGTGAAGCCTGATCATCATGTGAGTGAAGC,URS000075AB3F_9606
RNA96,Yes,chr11,23419105,23419190,CAGCAATGCAGAAAGTACAGATCGGATGGGTTCAATAGATTGCTTTAGCTGAAGCAAGCCTTCCCATTGTACATATCTCATTGTCT,URS000075EA0E_9606
RNA97,Yes,chr11,28056815,28056910,TCTATTTGTCTTAGGTGAGCTAAATGTGTGCTGGGACACATTTGAGCCAAATGTCCCAGCACACATTTAGCTCACATAAGAAAAATGGACTCTAGT,URS000075D59C_9606
RNA98,Yes,chr11,32143742,32143912,TTCCCTCTCAGCAACTTAGGTGAGTTAGCCCAAGTGTCCACAGGTTGTGGCTTCACCTGATTGGAAGCCTATAAGGGAGACTGAGTCAGAGCTTGGTCCACAGTCCCACCTGGGGTACCAGATTtgttacccccaaaataccagggttcactcacctcatgaataacaaag,URS00008E3A21_9606
RNA99,Yes,chr11,35162950,35163010,GGAACATGAGGAAAGACAGAGATTGAGTCACCAACATGTGACCTGGTGATTTCTGAGTCCT,URS0000ABD7FE_9606
RNA100,Yes,chr11,56743873,56743981,AAGAAGCTTGTAGATTTTTCTCCCTTACTATCTAGAATTATAGGACTTCAGTCCATGATTTGGAAAAATTACTGGAATTGGAGTCAAAAATAATTTGAAAATTAGGAAT,URS000075CA59_9606
RNA101,Yes,chr11,57641198,57641286,TGCTGCTGGCCAGAGCTCTTTTCACATTGTGCTACTGTCTGCACCTGTCACTagcagtgcaatgttaaaagggcattggccgtgtagtg,URS000039E12D_9606
RNA102,Yes,chr11,59550987,59551059,ggttccatagtgtagcggttatcacgtctgctttacacgcagaaggtcctgggttcgagccccagtggaacca,URS000038803E_9606
RNA103,Yes,chr11,59595077,59595158,CTGACTTTTTTAGGGAGTAGAAGGGTGGGGAGCATGAACAATGTTTCTCACTCCCTACCCCTCCACTCCCCAAAAAAGTCAG,URS000075EF55_9606
RNA104,Yes,chr11,62665422,62665570,CCTCCTTTTCTTGGCGGGGATCGGGCTTGTGGTGCCGCTCCCCGTAATGTACGGAGGAAGAGGGAAAGGGCTCTGGCCCCCTCGGCGTCATGTCTTCGGTGCTGGCGGCTTCCCATCCGCTGGTTCTATCCTCAAACGCCGGGACACCG,URS00000CC074_9606
RNA105,Yes,chr11,62853326,62853393,CACCAGTGATGAGTTGAATACCGCCCCAGTCTGATCAATGTGTGACTGAAAGGTATTTTCTGAGCTGT,URS0000130A5F_9606
RNA106,Yes,chr11,62853663,62853732,GTTTGTGATGACTTACATGGAATCTCGTTCGGCTGATGACTTGCTGTTGAGACTCTGAAATCTGATTTTC,URS00004E0FA9_9606
RNA107,Yes,chr11,62853904,62853968,TTTCTATGATGAATCAAACTAGCTCACTATGACCGACAGTGAAAATACATGAACACCTGAGAAAC,URS0000164B86_9606
RNA108,Yes,chr11,62855565,62855631,TTCCTATGATGAGGACCTTTTCACAGACCTGTACTGAGCTCCGTGAGGATAAATAACTCTGAGGAGA,URS0000454FD5_9606
RNA109,Yes,chr11,64368602,64368703,GTGGGAGGGCCCAGGCGCGGGCAGGGGTGGGGGTGGCAGAGCGCTGTCCCGGGGGCGGGGCCGAAGCGCGGCGACCGTAACTCCTTCTGCTCCGTCCCCCAG,URS000063ACDB_9606
RNA110,Yes,chr11,68033897,68033981,GGAGCACTCCCAGGTCCTCCAGGCCATGAGCTGCGGCCCTGATGTCTCTACTCCAGCCACGGACTGAGAGTGCATAGGAGTGTCC,URS000075C981_9606
RNA111,Yes,chr11,69083176,69083258,cttggaaactgtgactttaagggaaatggcgcacagcagaccctgcaatcatgccgttttgcttgaagtcgcagtttcccagg,URS000075E7C6_9606
RNA112,Yes,chr11,70872270,70872368,CTGTAAACTTGAAGGTAGGGAACTCTGTCTTCACTCATGAGTACCTTCCAACACGAGCTCTCAGGAGTAAAGAcagagttccctaccttcaatgtggat,URS000075991E_9606
RNA113,Yes,chr11,75400391,75400538,CTTCGATGAAGAGATGATGACGAGTCTGACTTGGGGATGTTCTCTTTGCCCAGGTGGCCTACTCTGTGCTGCGTTCTGTGGCACAGTTTAAAGAGCCCTGGTTGAAGTAATTTCCTAAAGATGACTTAGAGGCATTTGTCTGAGAAGG,URS00003A9200_9606
RNA114,Yes,chr11,75404421,75404566,CTTCAGTGATGACACGATGACGAGTCAGAAAGGTCACGTCCTGCTCTTGGTCCTTGTCAGTGCCATGTTCTGTGGTGCTGTGCACGAGTTCCTTTGGCAGAAGTGTCCTATTTATTGATCGATTTAGAGGCATTTGTCTGAGAAGG,URS000043549A_9606
RNA115,Yes,chr11,81890741,81890836,TGAGTTTAGAAGAGGGCCAGCTAAATCAGCAGAGACATGAGGTGATCAAAAACCTTTTTTCAAAGCAGTGGGAGCTGGACTACTTCTGAACCAATA,URS000075C0A4_9606
RNA116,Yes,chr11,90555774,90555857,ATAGTTTCTGCAATGCTCAAATCTCTGGCCAAAGACCAGAACTTAATGGTCTCTGGTAAGAGATTTGGGCATATTAGAAACTAA,URS000075D402_9606
RNA117,Yes,chr11,103849906,103849980,GTTTAAAGAATACTGTGAATTTCACTGTCACAAATTCAAATAAAGTGAGAGTGGAATTCACAGTATTTAAGGAAT,URS000075C27E_9606
RNA118,Yes,chr11,118644000,118644079,GAGAGGCCAAGACCTTGGGAATGGGGGTAAGGGCCTTCTGAGCCCAGGTCCGAACTCTCCATTCCTCTGCAGAGCGCTCT,URS000075BF75_9606
RNA119,Yes,chr11,118910708,118910787,CTGCAGCGTGCTTCTCCAGGCCCCGCGCGCGGACAGACACACGGACAAGTCCCGCCAGGGGCTGGGCGCGCGCCAGCCGG,URS000075BCE6_9606
RNA120,Yes,chr11,122152229,122152308,CCTGTTGCCACAAACCCGTAGATCCGAACTTGTGGTATTAGTCCGCACAAGCTTGTATCTATAGGTATGTGTCTGTTAGG,URS000054969A_9606
RNA121,Yes,chr12,6040037,6040183,TCACTGCCCTGCTCACCCTTCCTGAGTCCGGCGGCAAGGGTAACTCTGGGagcatcgtagagggcagagaagaagaaaccctgaggtcccattatgtcagccccttctatcacacgggaggagactgaggacagaaagggaacagag,URS0000ABD83F_9606
RNA122,Yes,chr12,6510221,6510551,AGCCACATGATGATATCAAGGCTGTTGTGATTCAGTTGGTTTGGCTAAGCCCAGGGACCTTTGGCCTGTTAAAGGTCTGTAATCTTGGTGGGCGATACAGAGTTATGTGTGTTCACTGTAAGGGCAGACCAACAAGAACTTTTTCCTACTTTTGAGCTACCTCTTTTTAATAGGGGTGATTCTTCCAGTTGCTGGAGAGAAATTGTGGTAACTGGAGTGAGAGAGTAGGAACAGGGCATGTTCAGGGTATCAGGGCCAAGGGTCCTAAAGGACTTAGCTTGTGTTATGGCCACTGAGAGATGAAACACAGATCTTTGGTAATCTGATGGCT,URS0000569A4A_9606
RNA123,Yes,chr12,6943816,6943878,Cagtgttacagctcttttagaatttgtctagtaggctttctggctttttaccggaaagcccct,URS0000659914_9606
RNA124,Yes,chr12,6964097,6964191,CGGCCGGCCCTGGGTCCATCTTCCAGTACAGTGTTGGATGGTCTAATTGTGAAGCTCCTAACACTGTCTGGTAAAGATGGCTCCCGGGTGGGTTC,URS000075ECD7_9606
RNA125,Yes,chr12,6967336,6967606,CAGGCTGATGAGACTAAGGCGAATGCGACTCCGTGCTCTCTGGCCCTTGGCTCCTTGTTGGGGGTGGGGACTACAGATGAGATCTGAAATCTTAGTGGTAGTACCTGAGCCATGACTCCCCACTGTAAGGCCAGATCAATAGCATTGGTGGCCTTGCCTTCATTTCTGGTGCTGCCCCTAGTTCCTGGCAGCAGCCTGCAGGGAGGCCCACAGGTGGGGTCCACGGTAGGGCTGGGCACAAGCCACCTGAGCGCAACCTTGGATCTGACAG,URS000014FF3E_9606
RNA126,Yes,chr12,12915829,12915918,TCTAAGAAACGCAGTGGTCTCTGAAGCCTGCAGGGGCAGGCCAGCCCTGCACTGAACGCCTGTTCTTGCCAGGTGGCAGAAGGTTGCTGC,URS000075BC23_9606
RNA127,Yes,chr12,47364186,47364269,agttttagttaccctggtcatctgcagtctgaaaatacaaaatggaaaattccagactgtggctgaccagaggtaactgaaacc,URS000075B9CB_9606
RNA128,Yes,chr12,50456571,50456786,CAGCCCAGTGATGATCACTATTCCTACTTAGAGAGAATAGGACTAACTTTCAGAAATCCAGGCATTtttctacctttcatactatctttctttcactttacttctcttttctgtcttttatcacttctttctttcttcattctttctctctttTGCCTGGATCGAGATTGTTAAGTCCCTCTCAGTGAAGGGTAAGATTATGAGATCTGAGGGCTG,URS00008E3A5F_9606
RNA129,Yes,chr12,53991738,53991847,TGCTCGCTCAGCTGATCTGTGGCTTAGGTAGTTTCATGTTGTTGGGATTGAGTTTTGAACTCGGCAACAAGAAACTGCCTGAGTTACATCAGTCGGTTTTCGTCGAGGGC,URS00000D6378_9606
RNA130,Yes,chr12,66251082,66251157,cagagtgggagctctagaaagattgttgaCCAATCATCTTATTGACTAGACCATCTTTCTAGAGTATAACTATTTT,URS000075B98C_9606
RNA131,Yes,chr12,69515440,69515593,TGCTTTGTTTCTGAATATCAGTGCTTAGAAATGAGTTACTGAGTGTGAGAGACAGGCTGACATAAAAGGAGAGGGGATATAGAGTGACCGAGACTGAGGGAGGAAGGGAAAAACAtccctcgcgctctcttgctgtctctctctctcacacaca,URS0000ABD847_9606
RNA132,Yes,chr12,74457402,74457474,ggttccatggtgtaatggtaagcaccctggactctgaatccagcaaccagagttccagtctcagcgtggacct,URS000074C9DF_9606
RNA133,Yes,chr12,86745068,86745149,AGGTGGTACACCCTTTCCTCTCTGCCCCATAGGGTGTAGCTCTAACTACCCTCTAGGGAAGAGAAGGTTGGGTGAACAGCCT,URS0000D52722_9606
RNA134,Yes,chr12,94571231,94571352,TGATTGTGCGGACTCGTGTGTAAGAAAAACTAGGACTGTGTGGTGTAAATAACTACAATTCTCTTAACTCCGTAGCAGTTGCCAACTCAGTCCTTGTACTTCGTTAACACGAATCTGTTTCA,URS000075BC22_9606
RNA135,Yes,chr12,98599634,98599884,CAACATGCTTCCTTAGATCCACCTTTGTGGATGAATCTTGAACTGAGTTCCACTTGTAAACTTCTTGTTTCTTGTGGTTCCAGTAGTCAAAGAAACATCCAGCAACTTTTTTGGTTGTATAGTCAAAGGTGCTTGAGTCATTGGCATGTAAGAGAAATATACCTGCATGTTAGTCTAACGTTCTGATAGAAATGACATGCATTTATGCTGCCATTTGTTACTATCAGGACTCGACTCGTGTGCGGACATTT,URS000075B5A7_9606
RNA136,Yes,chr12,103930425,103930555,CGGCTGGAGGTGTGAGGATCCGAACCCAGGGGTGGGGGGTGGAGGCGGCTCCTGCGATCGAAGGGGACTTGAGACTCACCGGCCGCACGCCATGAGGGCCCTGTGGGTGCTGGGCCTCTGCTGCGTCCTGC,URS000075E597_9606
RNA137,Yes,chr12,109833348,109833436,ACCTCCGGGACGGCTGGGCGCCGGCGGCCGGGAGATCCGCGCTTCCTGAATCccggccggcccgcccggcgcccgtccgcccgcgggtc,URS000075D15E_9606
RNA138,Yes,chr12,112695034,112695176,cagaaagcccagttaaatttgaatttcaagtaaacaatgaataattgtgtatgtaagaatatcccatacaatatttgggacatacttatgctaaaaattattccttgcttatctgaaattcaaatgtaactaggattcctgta,URS000075B4ED_9606
RNA139,Yes,chr12,124915547,124915659,GGGAGGCATGGAAATTTCTCTGGTTTCAATGGGTACGATTATTGTAAGCAGGATCCATTCAATAATCGGACCCATTTAAACCGGAGATTTTAAAAGACAGGAATAGAATCCCA,URS000075BE8F_9606
RNA140,Yes,chr12,128294092,128294178,GGGACTGGGGATGAGGAGGCATCTTGAGAAATGGAAGGAATGGGATCTACTTCCAGTTCACTAGAGGCGTCCTGACACCCCTAGCTC,URS0000759B3B_9606
RNA141,Yes,chr13,41101019,41101100,aagatcatgagttctacagtcagacagcctgagttggaggctcatcttcacttcttgctgtgtgaccctgggccagtgactt,URS000075AFC1_9606
RNA142,Yes,chr13,50049119,50049201,CCTTGGAGTAAAGTAGCAGCACATAATGGTTTGTGGATTTTGAAAAGGTGCAGGCCATATTGTGCTGCCTCAAAAATACAAGG,URS0000171CD1_9606
RNA143,Yes,chr13,54311972,54312048,TGTTTATCTCTAGGGTTGATCTATTAGAATTACTTATCTGAGCCAAAGTAATTCAAGTAATTCAGGTGTAGTGAAAC,URS000075A88C_9606
RNA144,Yes,chr13,55174454,55174548,ggTAAACCTTGGTGACTAATTAGAGTCTGGCTGATATGGTTTGACACAGAGCTAAATCATATGAACCAAACTCTAATTAGTCAATAATTTCTGTT,URS000075C095_9606
RNA145,Yes,chr13,65966330,65966429,atgccaaatattaggttggcacaaaagtaattgtggcttttgccattaaaagtaatggtaaaaactgcaattactttcgtgccaacctaatatttgtgtg,URS000075BEA9_9606
RNA146,Yes,chr13,91350891,91350972,GCAGTCCTCTGTTAGTTTTGCATAGTTGCACTACAAGAAGAATGTAGTTGTGCAAATCTATGCAAAACTGATGGTGGCCTGC,URS0000539083_9606
RNA147,Yes,chr13,91351314,91351391,CTTTCTACACAGGTTGGGATCGGTTGCAATGCTGTGTTTCTGTATGGTATTGCACTTGTCCCGGCCTGTTGAGTTTGG,URS00002B6637_9606
RNA148,Yes,chr13,107320895,107320963,ACCACCAGTGATGAGTTGAATACTGCCCCAGTCTGATCAACATGCGTGAAAGATATTTTCTGAGCTGTG,URS00006A238C_9606
RNA149,Yes,chr14,20323179,20323326,TGATGGCTGTTCCTCTCACTGCTTGAAGCCTTAGGCAGTGGGATTTTGATCCATCATATATCAAAAATGGCTTATCTTCACTCAGGGCACCATGAGGATGGGCTGGCTGTCCGTTAGTGCCTTCTGATTTTTGCGGAGTCAAACAATT,URS0000704142_9606
RNA150,Yes,chr14,20343070,20343411,ATAGGGCGGAGGGAAGCTCATCAGTGGGGCCACGAGCTGAGTGCGTCCTGTCACTCCACTCCCATGTCCCTTGGGAAGGTCTGAGACTAGGGCCAGAGGCGGCCCTAACAGGGCTCTCCCTGAGCTTCGGGGAGGTGAGTTCCCAGAGAACGGGGCTCCGCGCGAGGTCAGACTGGGCAGGAGATGCCGTGGACCCCGCCCTTCGGGGAGGGGCCCGGCGGATGCCTCCTTTGCCGGAGCTTGGAACAGACTCACGGCCAGCGAAGTGAGTTCAATGGCTGAGGTGAGGTACCCCGCAGGGGACCTCATAACCCAATTCAGACTACTCTCCTCCGCCCATTT,URS000013F331_9606
RNA151,Yes,chr14,20659958,20660051,ccttcgatagctcagctggtagagcggaggactgtagactgcggaaacgtttgtggacatccttaggtcgctggttcaattccggctcgaagga,URS0000233681_9606
RNA152,Yes,chr14,33708937,33709113,CctcagtatttcattttctccatttgcaaagtaaggacaagaaaattggcttcatttgtaGGTTTACTGAGAGATTGGATCTATTACTGATTGAAAATAGATCGGAAAGCCCAAGTGAGATGGTGTTACCCCCATATATTTATTGATTGAATGAGTGGACAGTTCTCCACAACACCC,URS00008E39EB_9606
RNA153,Yes,chr14,49586580,49586878,gccgggcgcggtggcgcgtgcctgtagtcccagctactcgggaggctgaggctggaggatcgcttgagtccaggagttctgggctgtagtgcgctatgccgatcgggtgtccgcactaagttcggcatcaatatggtgacctcccgggagcgggggaccaccaggttgcctaaggaggggtgaaccggcccaggtcggaaacggagcaggtcaaaactcccgtgctgatcagtagtgggatcgcgcctgtgaatagccactgcactccagcctgggcaacatagcgagaccccgtctct,URS00000478B7_9606
RNA154,Yes,chr14,49853616,49853914,gccgggcgcggtggcgcgtgcctgtagtcccagctactcgggaggctgaggctggaggatcccttgagttcaggagttctgggctgtagtgcgctatgccgatcgggtgtccgcactgagttcggcatcaatatggtgacctcccgggagcgggggaccaccaggttgcctaaggaggggtgaaccggcccaggtcggaaacggagcaggtcaaaactcccgtgctgatcagtagtgggattgcgcctgtgaatagccactgcactccagcctgggcaacatagtgagaccctgcctct,URS0000A8D543_9606
RNA155,Yes,chr14,49862551,49862849,gccgggcgcggtggcgcgtgcctgtagtcccagctactcgggaggctgaggtgggaggatcgcttgagcccaggagttctgggctgtagtgcgctatgccgatcgggtgtccgcactaagttcggcatcaatatggtgacctcccgggagcgggggaccaccaggttgcctaaggaggggtgaaccggcccaggtcggaaacggagcaggtcaaaactcccgtgctgatcagtagtgggatcgcgcctgtgaatagccactgcactccagcctgagcaacatagcgagaccccgtctct,URS00003ACFC1_9606
RNA156,Yes,chr14,50299855,50299946,ctaagataatgtcctccaggttcatctctgttgtcATTTGTGGCATGGAccatttgtgacaatagagatgaacatggaggatattatcttaa,URS000075DFE1_9606
RNA157,Yes,chr14,54878113,54878193,TATGGGTTCAGAGGGAACTCCATTGGACAGAAATTTCCTTTTGAGGAAATCTTTCCCTGGAGTTTCTTCTTACCTTTTTCC,URS000075C52F_9606
RNA158,Yes,chr14,65471102,65471186,agggtagagggatgagggggaaagttctatagtcctgtaattagatctcaggactatagaactttccccctcatccctctgccct,URS0000001A7A_9606
RNA159,Yes,chr14,69978133,69978196,GGCTCATACAGTGATGGACACCAAGCTCCCAGATTTCCCAAGGGAGGTGACTGAGTATAGAGCC,URS0000ABD8CD_9606
RNA160,Yes,chr14,73588825,73588903,TAAACAAcccagatagctcagttgatagagcatcagacttttaatctgagggtccagggttcatgtccctgttcCTTAA,URS0000C8E9CE_9606
RNA161,Yes,chr14,95533354,95533629,AATCTGTAGTCTTGGAGCCGCACAGGGTTGGTGGTACCCTCGAGCACACCAGACTTGCAGAAAAAGCATACTCCAGAGGAAGCTGAGGCATGCCTGCTCGAGAGCCAGCTGTTCCATGTGCAATTTTCCTCTGATAGTTTCTGGTCACTGTTGCCACGGTGATAATGACTGGGCTATGTCATTATCTATCCGCCAACAGTAAGAGAAGCTTTGCAGTCGAGATATTGTTTAGCAGATGGAGTGTTTTCTGTTGAACACTAAGTACTGCCACAAGTT,URS000026BDF0_9606
RNA162,Yes,chr14,100109655,100109753,gaaactgggctcaaggtgaggggtgctatctgtgattgagggacatggttaatggaattgtctcacacagaaatcgcacccgtcaccttggcctactta,URS000071B780_9606
RNA163,Yes,chr14,100307859,100307956,acccaaaccctaggtctgctgactcctagtccagggctcGTGATGGCTGGTGGGCCCTGAACGAGGGGTCTGGAGGCCTGGGTTTGAATATCGACAGC,URS000075E1CD_9606
RNA164,Yes,chr14,100881886,100881978,CCGGGGAGAAGTACGGTGAGCCTGTCATTATTCAGAGAGGCTAGATCCTCTGTGTTGAGAAGGATCATGATGGGCTCCTCGGTGTTCTCCAGG,URS0000688CFC_9606
RNA165,Yes,chr14,100924824,100924892,GTGAGTGATGAATAGTTCTGTGGCATATGAATCATTAATTTTGATTAAACCCTAAACTCTGAAGTCCAT,URS0000AA385E_9606
RNA166,Yes,chr14,100955370,100955439,TGGATTGATGATGACCACTGGTGGCCTATGAGTCATACAATGAATACGTGTCTAGAACTCTGAGGTCCAT,URS0000636753_9606
RNA167,Yes,chr14,100973595,100973664,TGGACCAATTATGACTACTGGTGTGAGTCACGCATAATGAACACCACGTGTCTGGAACTCTGAGGTCCAA,URS0000680170_9606
RNA168,Yes,chr14,100988161,100988230,TGGTTCAGTGTTGACTACTGGTGTCGTGTGAGTCATACAATGAATACATGTCTGGAACTCTGAGGCCCAT,URS00006E2565_9606
RNA169,Yes,chr14,100990091,100990160,TGGATCGATGATGACTACTGGTAGCATGAGTCATATACAGTGAATACATGTCTGGAACTCTGAGGTCTGT,URS00006250C4_9606
RNA170,Yes,chr14,101026020,101026107,GCCTGGATACATGAGATGGTTGACCAGAGAGCACACGCTTTATTTGTGCCGTTTGTGACCTGGTCCACTAACCCTCAGTATCTAATGC,URS000075DEC1_9606
RNA171,Yes,chr14,101033755,101033836,TGGTACCTGAAAAGAAGTTGCCCATGTTATTTTCGCTTTATATGTGACGAAACAAACATGGTGCACTTCTTTTTCGGTATCA,URS000075C517_9606
RNA172,Yes,chr14,101040436,101040535,CAGTCCTTCTTTGGTATTTAAAACGTGGATATTCCTTCTATGTTTACGTGATTCCTGGTTAATCATAGAGGAAAATCCATGTTTTCAGTATCAAATGCTG,URS000075A7C0_9606
RNA173,Yes,chr14,101042977,101043062,TTTGGTACTTGAAGAGAGGATACCCTTTGTATGTTCACTTGATTAATGGCGAATATACAGGGGGAGACTCTTATTTGCGTATCAAA,URS000075CEFC_9606
RNA174,Yes,chr14,101046455,101046538,TTGGTACTTGGAGAGTGGTTATCCCTGTCCTGTTCGTTTTGCTCATGTCGAATCGTACAGGGTCATCCACTTTTTcagtatcaa,URS000075E150_9606
RNA175,Yes,chr14,101048658,101048748,attttcatcacctagggatcttgttaaaaagcagattctgattcagggaccaagattctgcatttttagcaagttctcaagtgatgctaat,URS0000674174_9606
RNA176,Yes,chr14,101064495,101064578,ACGTCAGGGAAAGGATTCTGCTGTCGGTCCCACTCCAAAGTTCACAGAATGGGTGGTGGGCACAGAATCTGGACTCTGCTTGTG,URS000075BC5F_9606
RNA177,Yes,chr14,101065912,101065991,GGTACCTGAGAAGAGGTTGTCTGTGATGAGTTCGCTTTTATTAATGACGAATATAACACAGATGGCCTGTTTTCAGTACC,URS0000717C38_9606
RNA178,Yes,chr14,101066724,101066801,CTGAAATAGGTTGCCTGTGAGGTGTTCACTTTCTATATGATGAATATTATACAGTCAACCTCTTTCCGATATCGAATC,URS000075B5E4_9606
RNA179,Yes,chr14,102539644,102539726,TCTGGGGGTTCTGGAGTCTAGGATTCCAGGATCTGGGTTTTGAGGTCTTGGGTTGTAGGGTCTGCGGTTTGAAGCCCCTCTTG,URS000075AF0F_9606
RNA180,Yes,chr15,20832795,20832869,catactacaataattttcataatgcaatcacacacaatcaccgtgtgactgcattatgaaaattcttctagtgtg,URS000075BF5A_9606
RNA181,Yes,chr15,23197827,23197920,CTTTAATACTATCTCAAACTAAAGGATATAGAAGGTTTTCCCTTTCTCTTGCCCTGAAACCTTCTGTATCCTTTATTTTGAGATAGTATTAGAA,URS000075A8B5_9606
RNA182,Yes,chr15,24985100,24985166,GGATTTGTGATGAGCTGTGTTTACTGAGCATGATGAAGTAAAGCTCAACGTGATTACTCTGAAGTCC,URS00006A82CA_9606
RNA183,Yes,chr15,24986925,24986993,GCTTAATGATGAGAATCATTATTTCTTGAATTGGATGACACTTTCCATTCCTGCAAAGGGAGCGTGAGG,URS000075C7E2_9606
RNA184,Yes,chr15,25041974,25042040,GGATCGATGATGAGAATAATTGTCTGAGGATGCTGAGGGACTCATTCCAGATGTCAATCTGAGGTCC,URS000011E0DE_9606
RNA185,Yes,chr15,25264527,25264579,TTATATTGTCTTCGACAGGGAAGATGACATAAAAATTATGTTCAATAGGATTA,URS00002FF4A6_9606
RNA186,Yes,chr15,25268517,25268549,TAAAAATCATGCTCAATAGAATTAAGCTGAGGC,URS000060E88A_9606
RNA187,Yes,chr15,31065032,31065141,TCACCTGGCCATGTGACTTGTGGGCTTCCCTTTGTCATCCTTCGCCTAGGGCTCTGAGCAGGGCAGGGACAGCAAAGGGGTGCTCAGTTGTCACTTCCCACAGCACGGAG,URS000075B6A0_9606
RNA188,Yes,chr15,35372256,35372364,TCTTCAGTATGACACCTCAAAGAAGCAATACTGTTACCTGAAATAGGCTGCGAAGATAACAGTATTTCAGATAACAGTATTACATCTTTGAAGTGTCATATTCACTGAC,URS000075A35A_9606
RNA189,Yes,chr15,45433050,45433129,TATAAATCTAGTGGAAACATTTCTGCACAAACTAGATTCTGGACACCAGTGTGCGGAAATGCTTCTGCTACATTTTTAGG,URS000075BC4D_9606
RNA190,Yes,chr15,51242190,51242264,GTCCCCATTTTTCTCCCACTACCAGGCTCCCATAAGGGTCGAATGGGATCCAGACAGTGGGAGAAAAATGGGGAC,URS000075A905_9606
RNA191,Yes,chr15,55372940,55373034,ATAGCTGTTGTGTCACTTCCTCATGCTGACATATTTACTAGAGGGTAAAATTAATAACCTTCTAGTAAGAGTGGCAGTCGAAGGGAAGGGCTCAT,URS000050D31F_9606
RNA192,Yes,chr15,64762387,64762515,CCAGATCAGATCTGGGTGCGATGATGATGGCAGCAAATTCTGAAAACGTGCTCAGTGTCTTTATAACAGGAAAGCCGTAAACTTAGAAATGTAGGCTGCAGCTCGTGTGCTCTGTGGTCTGGGCTGGTA,URS0000759D3E_9606
RNA193,Yes,chr15,65719246,65719332,AAAAAAAAGGGAAAGAAGAACTGTTGCATTTGCCCTGCACTCAGTTTGCACAGGGTAAATGCAATAGTTCTTCTTTCCCTTTTTTTA,URS000075A281_9606
RNA194,Yes,chr15,66501252,66501318,TTGTTATGATGAGATTCCACTTAAGGTCCGTGTTTCTGAAACAAATGATTTTGTGGAAGTTCTGATT,URS00003DDA12_9606
RNA195,Yes,chr15,66502022,66502091,TCAAAATGATGAGATTCCACTTAATTGGTCCGTGTTTCTGAAACACATGATATTTGTGGAAATTCTGACT,URS0000069864_9606
RNA196,Yes,chr15,66503245,66503314,CAGTAGTGATGAAATTCCACTTCATTGGTCCGTGTTTCTGAACCACATGATTTTCTCGGATGTTCTGATG,URS00004DF250_9606
RNA197,Yes,chr15,74411357,74411432,TGCACTGGGGTAAGGATAGGAGGGTCAGGTCTGCAGCCTTGTATCTGCTGATCCTCTTTCGTCCTTCCCACTCCAG,URS000075E4E6_9606
RNA198,Yes,chr15,74788672,74788757,ATTCTAGGTGGGGAGACTGACGGCTGGAGGCCCATAAGCTGTCTAAAACTTCGGCCCCCAGATTTCTGGTCTCCCCACTTCAGAAC,URS000075DC63_9606
RNA199,Yes,chr15,75762215,75762315,GATCAGGCCCAGCCCCCTGGCCCCAAACCCTGCAGCCCCAGCTGGAGGATGAGGAGATGCTGGGCTTGGGTGGGGGAATCAGGGGTGTAAAGGGGCCTGCT,URS000075BE25_9606
RNA200,Yes,chr15,79209788,79209871,CCAGTCACGTCCCCTTATCACTTTTCCAGCCCAGCTTTGTGACTGTAAGTGTTGGACGGAGAACTGATAAGGGTAGGTGATTGA,URS000032015F_9606
RNA201,Yes,chr15,80581103,80581239,AGCCAGACAAGAGGGTCATGGGGAGTCACTGTCAACCCAGAGCAGGCACTGCCCCTGCGACCAGCCTGGGGCATCGGTTGGGGTGCAGGGGTCTGCTGGTGATGCTTTCCATCTCTTTGCTTTGTCCTGATTGTAGC,URS000075A133_9606
RNA202,Yes,chr15,85825635,85825730,accaattcctaggttggtgcaaaagtaattgcggtctttgtcattaaaaccaataacaaaaaccacaattactttttactgacctaaagattaatt,URS000075CF26_9606
RNA203,Yes,chr15,88611847,88611924,GGCACCATTAGGTAGACTGGGATTTGTTGTTGAGCGCAGTAAGACAACAACAAAATCACTAGTCTTCCAGATGGGGCC,URS000075D391_9606
RNA204,Yes,chr15,90006755,90006841,gttacctggtagtgagttagagatgcagagccctgggctcctcagcaaacctactggatctgcattttaattcacatgcatggtaat,URS000075DEEE_9606
RNA205,Yes,chr15,92904399,92904475,CCTGGGGGGCGGGGAGAGAACGCAGTGACGTCTGGCCGCGTGCGCATGTCGGGCGCTTTCTCCTCCCCCTACCCAGG,URS000075BEC9_9606
RNA206,Yes,chr16,543277,543366,TGGCCTCTCCAGTCTGCAGCTCCCGGCAGCCTCGGGCCACACTCCCGGGATCCCCAGGGACTGGCCTGGGACTACCGGGGGTGGCGGCCG,URS000075C750_9606
RNA207,Yes,chr16,770183,770277,GCTGTTGAGGCTGCGCAGCCAGGCCCTGACGGTGGGGTGGCTGCGGGCCTTCTGAAGGTCTCCCACGTTGTGGCCCAGCAGCGCAGTCACGTTGC,URS00006BFF14_9606
RNA208,Yes,chr16,2106669,2106753,GGGACGGGGCCTGCAGGCAGAAGTGGGGCTGACAGGGCAGAGGGTTGCGCCCCCTCACCACCCCTTCTGCCTGCAGCGGTGGGCT,URS000075D50D_9606
RNA209,Yes,chr16,3160385,3160479,ggctcgttggtctaggggtgtggttctcgcttagggaccacagggacaagcccgggagacccaagaggtcccgggttcaaatcccggacgagccc,URS0000744456_9606
RNA210,Yes,chr16,5632467,5632566,CAGTACATGAGAGCCATCATTTTTGTTGTTGTTGTATTTTTCAGCAAGGCAAGGGCTTTGATGTCTTGTAGGAACAGTTGAATTTTGGCTTCATGTAATT,URS000075C2C3_9606
RNA211,Yes,chr16,14309285,14309371,ACCGCAGGGAAAATGAGGGACTTTTGGGGGCAGATGTGTTTCCATTCCACTATCATAATGCCCCTAAAAATCCTTATTGCTCTTGCA,URS000075A669_9606
RNA212,Yes,chr16,14901508,14901591,cAGGATCACAGACGTTTAAATTACACTCCTTCTGCTGTGCCTTACAGCAGTAGAAGGGGTGAAATTTAAACGTCTGTGATCCTG,URS000064A21C_9606
RNA213,Yes,chr16,15154850,15155002,GCTCCGCCCCACGTCGCATGCGCCCCGGGAACGCGTGGGGCGGAGCTTCCGGAGGCCCCGCTCTGCTGCCGACCCTGTGGAGCGGAGGGTGAAGCCTCCGGATGCCAGTCCCTCATCGCTGGCCTGGTCGCGCTGTGGCGAAGGGGGCGGAGC,URS0000759B7E_9606
RNA214,Yes,chr16,24203116,24203231,tacttgggtgactaaggcaggattgcttgagcctgggaggtcaaggctgcagtgtcgtggtcacagcttgctgcagactcgacctcccaggcttaagcaatcctcctgctcgagtg,URS000075CB2D_9606
RNA215,Yes,chr16,30503919,30504001,tgggggaaaagtgctgggattgattagtgatgtctgctgggGAACCGGGGCTCAGGGATGATAACTGTGCTGAGAAGCCCCCT,URS0000759B50_9606
RNA216,Yes,chr16,30893903,30893985,GGCCCGGCTCCGGGTCTCGGCCCGTACAGTCCGGCCGGCCATGCTGGcggggctggggccggggccgagcccgcggcggggcc,URS000075DA19_9606
RNA217,Yes,chr16,85306226,85306325,CCCGCCAGGTCCACATGCCAGAGTGTCAACGTGACCCAGCCAGCCTCCTTCCTGAGCTAGGAGGATTAGGAAATGAGGCTGGCTAGGAGCACAGCCAGGG,URS000075BEEC_9606
RNA218,Yes,chr16,85741621,85741700,TGTCCCTTCAGCCAGTCCTGTGCCTGCCGCCTTTGTGCTGTCCTTGGAGGGAGGCAGAAGCAGGATGACAATGAGGGCAA,URS000075EEF1_9606
RNA219,Yes,chr16,88468918,88469031,GGCCCGCCTTTTAGGGGCCTCGCTGTCTGGGCACAGGCGGATGGACAGGCTGGCCTCTGGATGACCTGCCAACCGTCAGAGCCCAGACCCACGTGGCCTCAGTTGGGGACCAGG,URS000075DEEB_9606
RNA220,Yes,chr16,89953377,89953520,cTCCCTGCCAGGAGCCATCAGCCCTGTGTGTTCTGCAGTGTTCTGAGCCTCCGGGTGGGGAAAGAGCAATTCTTGATCCTGAGCTTCTGCCACGTGGAGAACTAGGCCCTTCCGGCCTGTTTCCTGGGTTCCTGAGGCACAGAG,URS0000ABD8B9_9606
RNA221,Yes,chr17,7223297,7223379,CTGACTATGCCTCCCCGCATCCCCTAGGGCATTGGTGTAAAGCTGGAGACCCACTGCCCCAGGTGCTGCTGGGGGTTGTAGTC,URS000075CFD7_9606
RNA222,Yes,chr17,8088056,8088147,GGCCATTCCTCTCTGGGAAATGGGACAGGTAGTGGCCACAGTGAGAAAGCTGGCCTGTCCTTCTGCCCCAGGGCCCAGAGTCTGTGACTGGA,URS000075CFE3_9606
RNA223,Yes,chr17,12081899,12081996,TTGGGCAAGGTGCGGGGCTAGGGCTAACAGCAGTCTTACTGAAGGTTTCCTGGAAACCACGCACATGCTGTTGCCACTAACCTCAACCTTACTCGGTC,URS00000EC1BE_9606
RNA224,Yes,chr17,16153133,16153196,AAGTAATGATGAGTGAACTTGGTTACCTTTGCAGACCTTTGCAGAAACATCACCCTGAGCTTGT,URS0000ABD853_9606
RNA225,Yes,chr17,16439509,16439556,CTGATGATACTTGTAATAGGAAGTGCCGTCAGAAGCGATAACTGACGA,URS000075B39E_9606
RNA226,Yes,chr17,17813836,17813931,GCGGGCGGCCCCGCGGTGCATTGCTGTTGCATTGCACGTGTGTGAGGCGGGTGCAGTGCCTCGGCAGTGCAGCCCGGAGCCGGCCCCTGGCACCAC,URS000075D54F_9606
RNA227,Yes,chr17,19188015,19188232,Taagactatactttcagggatcatttctatagtgtgttactagagaagtttctctgaacgtgtagagcaccgaaaaccacgaggaagagaggtagcgttttctcctgagcgtgaagccggctttctggcgttgcttggctgcaactgccgtcagccattgatgatcgttcttctctccgtattggggagtgagagggagagaacgcggtctgagtggt,URS000053962A_9606
RNA228,Yes,chr17,19508181,19508252,gacctcgtggcgcaatggtagcgcgtctgactccagatcagaaggttgcgtgttcaagtcacgtcggggtca,URS00001A72CE_9606
RNA229,Yes,chr17,22528853,22528921,gaaaaagtcataggggttatgaggctggcttgaaaccagccttaggaggttcaattccttcctttttTG,URS00006CA18A_9606
RNA230,Yes,chr17,28720550,28720616,GTGCATATGATGGAAAAGTTTTAATCTCCTGACACTTGTGATGTCTTCAAAGGAACCACTGATGCAC,URS000020C605_9606
RNA231,Yes,chr17,28723431,28723491,GCTAATGATGGAAAAATCATTATTGGAAAAGAATGACATGAACAAAGGAACCACTGAAGTG,URS00022AE7D9_9606
RNA232,Yes,chr17,30117086,30117160,AAGCAAGACTGAGGGGCCTCAGACCGAGCTTTTGGAAAATAGAAAAGTCTCGCTCTCTGCCCCTCAGCCTAACTT,URS000075AC72_9606
RNA233,Yes,chr17,31575411,31575521,AGAGTGTTCAAGGACAGCAAGAAAAATGAGGGACTTTCAGGGGCAGCTGTGTTTTCTGACTCAGTCATAATGCCCCTAAAAATCCTTATTGTTCTTGCAGTGTGCATCGGG,URS000075E397_9606
RNA234,Yes,chr17,37244801,37244975,ACTTAAGAGTTATCATTCAAAATCGAGACATCATACCCAGCTACCAGGAGGGAAGTCAATAGAGGAAACATCATAAGGAAATTACAGAATCTTAGTACTACAGTAACTCTTGCAAACTCTAGTTCCATAATACTACAGGCACAAATACAAGGCATAAGATTAATAGGGGACAAAG,URS00008E39A2_9606
RNA235,Yes,chr17,40026332,40026409,CCCGCAGAGGCTGAGAAGGTGATGTTGGCTCAAGAAAGGGAGATAGATGGTAGCCCATCACCTTTCCGTCTCCCCTAG,URS000075AC98_9606
RNA236,Yes,chr17,42514188,42514307,GATCCAGGGAACCCTAGAGCAGGGGGATGGCAGAGCAAAATTCATGGCCTACAGCTGCCTCTTGCCAAACTGCACTGGATTTTGTGTCTCCCATTCCCCAGAGCTGTCTGAGGTGCTTTG,URS000075B605_9606
RNA237,Yes,chr17,43233790,43233977,atcgcttctcggccttttggctaagatcaagtgtagtatctgttcttatcagtttaatatctgatacgtcctctatccgaggacaatatattaaatggatttttggagcagggagatggaataggagcttgctccgtccactccacgcatcgacctggtattgcagtacctccaggaacggtgcaccC,URS00003EE995_9606
RNA238,Yes,chr17,43444806,43444885,GCTCTGATTTACTTCTGTCCGGCATGGTGAACAGCAGGATTGGCTGTAGCTGTTCTCTTTGCCAAGGACAGATCTGATCT,URS000075C1B8_9606
RNA239,Yes,chr17,58679527,58679690,atacttaactggcaagggaaataacatgatcattaaaggtggatttttcagggtgaggtttgtctcttgcattgtggatgtgctgacccctgtggttttctacaaatgtgggaaacttaattgcataatttgtggtagtggggactatgttggttctctcccct,URS000068EFAF_9606
RNA240,Yes,chr17,60043025,60043105,CTGCACAGGATGCGAGGATGCTGACAGTGCCTCACAGCCGCACAGGACCGAGGATGCTGACGGTGCCTCACAGCCACACAG,URS000075DACB_9606
RNA241,Yes,chr17,64501214,64501313,GAAGCGCTTGCCTAGACGAGACACAGTGCATAAAAACAACTTTTGGGGGACAGGTATGTTTTCTTGCAGCTGCGGTTGTAAGGTCTTGGCAAGACAAGCA,URS000075DBE4_9606
RNA242,Yes,chr17,75498548,75498628,CTCCCTGGGAGGGCGTGGATGATGGTGGGAGAGGAGCCCCACTGTGGAAGTCTGACCCCCACATCGCCCCACCTTCCCCAG,URS000075D162_9606
RNA243,Yes,chr17,75784521,75784607,GGTCGCATTTCTCCTTCTTACCAGCGCGTTTTCAGTTTCATAGGGAAGCCTTTCCATGAAACTGGAGCGCCTGGAGGAGAAGGGGCC,URS000075993E_9606
RNA244,Yes,chr17,77089307,77089493,ACGGTCTGGGGAAAGGCTCCTGTGTTGTTGAGCCTGCCAAGTTGTGGGTGCAGCATGGTACCAGGCAGCCCAACCCTGACCTAAAGTAAATTCCCGGAAGAAGTCTTTCCTGGGTTTTGAATTTGCAGTAACAGGTGTGAGCATTCTAGCAGCAGTTTGATGATCATGTATGATACTGCAAACAGGA,URS000015F227_9606
RNA245,Yes,chr17,80419418,80419493,CGCAGGCCTCTGGCGGAGCCCATTCCATGCCAGATGCTGAGCGATGGCTGGTGTGTGCTGCTCCACAGGCCTGGTG,URS000075CB67_9606
RNA246,Yes,chr17,81125877,81125955,CTGCCCTCTTCAACAAAATCACTGATGCTGGAGTCGCCTGAGTCATCACTCAGCACCAGGATATTGTTGGAGAGGACAG,URS000075E912_9606
RNA247,Yes,chr17,81693757,81693869,GCCGGGTGGGGCGGGGCGGCCTCAGGAGGGGCCCAGCTCCCCTGGATGTGCTGCGGTGGGGCCGGAGGGGCGTCACGTGCACCCAAGTGACGCCCCTTCTGATTCTGCCTCAG,URS000075CB6A_9606
RNA248,Yes,chr17,82089960,82090140,CCCCCGTGTGATGAGCACACAGCTGCAGCATAGCAAGAACCCAGGGGCTCTGGTGAAGCCAACACACGGGTCATCAGGGTTCCCTCAGACTGGTGCCCTCTGTTGGCACCCATCTCTGAGCCCCATGGGCCACATGTGGGCAGGACCTGGAAAGAACCTTGGCTGCAGAGGACTGAGGGGG,URS00008E3A70_9606
RNA249,Yes,chr18,112256,112339,TCCGCCCCGCCCCCTCCACCGGGCTGACCGGCCTGGGATTCCTGCCTTCTAGGTCTAGGCCCGGTGAGAGACTCCACACAGCGG,URS000075DC45_9606
RNA250,Yes,chr18,3885353,3885432,AGTGAATCCCTAGTGGTCAGAGGGCTTATGATATATTGTGAGAGCCATGTCATAAGCCTTTTGGCCACTAGGGATTCAAT,URS000075D773_9606
RNA251,Yes,chr18,14830166,14830242,TGCAGAAGAAAGATCTGGAAGTGGGAGACACTTTCACTATATATAGTGGCTCCCACTTCCAGATCTTTCTCTCTGTA,URS000075D876_9606
RNA252,Yes,chr18,37466339,37466504,TGCTGGGACCTAGAATGGGCTCTGGTCAGGCTTGTATAAGTACAGACCTCACACCAGGTTTCATGCGCCCACATCCCCACCCCCACCCCATGAAGATCGAAGCTCCCAGCATACCACAGTTCCATTTTTCCTTTTAGGCATCAAACTGTCACTTCACTAAACACCA,URS00008E3987_9606
RNA253,Yes,chr18,44970082,44970166,TTGGCTTGAGTCCCTGAGCAAAGCCACTGGGAATGCTCCCTGAGGACGTTATATGAGtgctcagctcatggggctatgatggtca,URS000075A53A_9606
RNA254,Yes,chr18,49049687,49049768,GTAATCACATCTAAAGACTAGACTTCGCTATGACCAGGCCATAGTAAACATCATAGTATGTCTAGTCTTTAGGTTTGATTAC,URS000075DDA1_9606
RNA255,Yes,chr18,49491283,49491347,CTGCAGTGATGACTTTCTTAGGACACCTTTGGATTTACCGTGAAAATTAATAAATTCTGAGCAGC,URS000005BADB_9606
RNA256,Yes,chr18,49491664,49491729,CTGCGATGATGGCATTTCTTAGGACACCTTTGGATTAATAATGAAAACAACTACTCTCTGAGCAGC,URS00004BB247_9606
RNA257,Yes,chr18,55479221,55479298,ATGACAGGCCATCAGCAGTCCAATGAAGACATGAAGACCCAATGTCTTCATTGGACTGCTGATGGCCCGTCACTGGGA,URS000075CE31_9606
RNA258,Yes,chr19,1816159,1816238,CATCCAGGACAATGGTGAGTGCCGGTGCCTGCCCTGGGGCCGTCCCTGCGCAGGGGCCGGGTGCTCACCGCATCTGCCCC,URS000075A0BB_9606
RNA259,Yes,chr19,3982507,3982572,ATTCGTGATGACTGATCATTTCTTCACTTTGACCAGATGTCTACTGAAGAAAGCCTGCGTCTGAGG,URS00000335D1_9606
RNA260,Yes,chr19,11495544,11495622,GCTCGGCCCCCACAGCGAAACGGCCGCCTAAACCACCCAGGCCTTATGGCTTCATAGGCTGTGATGCTCTCCTGAGCCC,URS000075C799_9606
RNA261,Yes,chr19,12706449,12706518,TGGGAAGTGATGACACCTGTGACTGTTGATGTGGAACTGATTTATCGCGTATTCGTACTGGCTGATCCTG,URS0000185C0B_9606
RNA262,Yes,chr19,12920320,12920404,caaggcctatctatctagattcttcttggcctctctgagcatgcattcctgagactccaagaagaatctagacagataggccttg,URS000075BDA7_9606
RNA263,Yes,chr19,13836440,13836517,CTGAGGAGCAGGGCTTAGCTGCTTGTGAGCAGGGTCCACACCAAGTCGTGTTCACAGTGGCTAAGTTCCGCCCCCCAG,URS0000233054_9606
RNA264,Yes,chr19,18282077,18282161,GGCGCCTCCTGCTCTGCTGTGCCGCCAGGGCCTCCCCTAGCGCGCCTTCTGGAGAGGCTTTGTGCGGATACGGGGCTGGAGGCCT,URS000075E5AE_9606
RNA265,Yes,chr19,20399272,20399354,CACAGAGTTATACTGGAGATATGGAAGAGCTGTGTTGGGTATAAGTAACAGGCTTTTCTTTATCTTCTATGTGGCTCTTTGCA,URS000075E4AE_9606
RNA266,Yes,chr19,38163096,38163149,ggaccatgatgatgaagaggacagaccagccctgtcctcaggaagctgacttcc,URS0000ABD890_9606
RNA267,Yes,chr19,39829716,39829802,GCCCTACTCTCAGGAGGAGGCTGATGTCTTCAGAGCAGGGTTTGGTCTGTGCTTCTCTGACATCAGTGATTCTCCTGCTGCTTTTAT,URS000075DA60_9606
RNA268,Yes,chr19,42351131,42351205,GTGGGGCAGGGGGTGGGATGGGCACTGGGAGTCCAAAGGAAAGGGCTGAGTGGGGTTCTGACTCCTCTGCCCAAC,URS000075A1A7_9606
RNA269,Yes,chr19,49490907,49490972,CGTCCATGATGTTCCGCAACTACCTACATTGTTTGATCCTCATGAAAGCAGCACTGGCTGAGACGC,URS00005B985B_9606
RNA270,Yes,chr19,49500785,49500868,CTCCCCATGGCCCTGTCTCCCAACCCTTGTACCAGTGCTGGGCTCAGACCCTGGTACAGGCCTGGGGGACAGGGACCTGGGGAC,URS00006B7D0F_9606
RNA271,Yes,chr19,49682117,49682195,CCCATCAGGGCTCAGGGATTGGATGGAGGTGATGGGGGCAGGGGATGGGTCTCACCCTCCCTTCTTCCTGGGCCCTCAG,URS000075A259_9606
RNA272,Yes,chr19,53674197,53674320,AACCCTCCTTGGGAAGTGAAGCTCAGGCTGTGATTTCAAGCCAGGGGGCGTTTTTCTATAACTGGATGAAAAGCACCTCCAGAGCTTGAAGCTCACAGTTTGAGAGCAATCGTCTAAGGAAGTT,URS00006C7250_9606
RNA273,Yes,chr19,53675711,53675797,TCTCCTGCTGTGACCCTCAAGATGGAAGCAGTTTCTGTTGTCTGAAAGGAAAGAAAGTGCTTCCTTTTTGAGGGTTACTGTTTGAGA,URS00006EE977_9606
RNA274,Yes,chr19,53690881,53690965,CTCAGGCTGTGACCCTCCAGAGGGAAGTACTTTCTGTTGTCTGAGAGAAAAGAAAGTGCTTCCCTTTGGACTGTTTCGGTTTGAG,URS000075D78D_9606
RNA275,Yes,chr19,53702737,53702819,TCATGCTGTGGCCCTCCAGAGGGAAGCGCTTTCTGTTGTCTGAAAGAAAACAAAGCGCTCCCCTTTAGAGGTTTACGGTTTGA,URS000075A310_9606
RNA276,Yes,chr19,53706252,53706336,CTCAGGCTGTGACCCTCTAGAGGGAAGCACTTTCTGTTGCTTGAAAGAAGAGAAAGCGCTTCCTTTTAGAGGATTACTCTTTGAG,URS000075B0D5_9606
RNA277,Yes,chr19,53751211,53751297,TCTCAGGCTGTGTCCCTCTAGAGGGAAGCGCTTTCTGTTGTCTGAAAGAAAAGAAAATGGTTCCCTTTAGAGTGTTACGCTTTGAGA,URS0000680AAF_9606
RNA278,Yes,chr19,53758232,53758318,CTCAAGCTGTGAGTCTACAAAGGAAAGCGCTTTCTGTTGTCTGAAAGAAAAGAAATCGCTTCCCTTTGGAGTGTTACGGTTTGAGAA,URS000075BC4A_9606
RNA279,Yes,chr19,53762344,53762430,TCTCAGGCTGTGTCCCTCTACAGGGAAGCGCTTTCTGTTGTCTGAAAGAAAGGAAAGTGCATCCTTTTAGAGTGTTACTGTTTGAGA,URS0000007095_9606
RNA280,Yes,chr19,54645309,54645383,GAGAGGATGCCTTAGATTAGAGGATATTGTTCAGTGGGATTTGGAGAGGACGCCTTAGATTAGAGGTATTGTTCA,URS000075EC42_9606
RNA281,Yes,chr19,55402590,55402657,GTGCAGTGATGAGAATTAGGGTGGGAACCTGTGTCCTGGTCACCATCAGTGATATCTGCTGAGCATCT,URS0000ABD7E3_9606
RNA282,Yes,chr2,11551707,11551767,gtggtctagtggttaggattcagcgctcccaccgccgcagcccgggttcgattcccggtca,URS0000C8E9E9_9606
RNA283,Yes,chr2,11767444,11767525,ttgctgcaaaaataattgcagtttttgccattatttttaataattataataatggccaaaactgcagttatttttgcaccaa,URS000075B0EE_9606
RNA284,Yes,chr2,27051214,27051286,gggggattagctcaaatggtagagcgctcgcttagcatgcgagaggtagcgggatcgatgcccgcatcctcca,URS00003D2CC9_9606
RNA285,Yes,chr2,32635255,32635331,TGGTGATTTTGAACGTAGCTATCCACCACTCAGCCTGGAAAAAGCTGAGTGATTGATAGCTATGTTCAAAATCACCA,URS000075CFB0_9606
RNA286,Yes,chr2,60387362,60387445,GCATCTTGCAGAGCCGTTCCAATGCGACACCTCTAGAGTGTCATCCCCTAGAATGTCACCTTGGAAAGACTCTGCAAGATGCCT,URS000075DF46_9606
RNA287,Yes,chr2,64340747,64340848,tgtgttccctatcctccttatgtcccacccccactcctgtttgaatatttcaccagaaacaggagtggggggtgggacgtaaggaggatgggggaaagaaca,URS0000759BCF_9606
RNA288,Yes,chr2,85783600,85783677,GTTTCTGCTGCCGGCCAAGGCTCTGGGTCCGGCTTACTCCCTAGCTTACTGTCCTCAGAACCCCCGCCACCACAGAAG,URS000075DA53_9606
RNA289,Yes,chr2,87629755,87629834,AGGCAGCAAATGGCCAGAGCTCACACAGAGGGATGAGTGCACTTCACCTGCAGTGTGACTCAGCAGGCCAACAGATGCTA,URS000075D7A1_9606
RNA290,Yes,chr2,88812370,88812454,GCCTCACTTTTCCACTTATGCCTGCCCTGCCCCTCGAATCTGCTCCACGATTTGGGCAGGACAGGCAGAAGTGGATAAGTGAGGA,URS000075BFC5_9606
RNA291,Yes,chr2,101309450,101309534,GTGCTCATTTAAGTAGTCTGATGCCTACTACTGATGACATACAATGTAAGTGCTCATTTAGGCGTCAGACTACCTAAATGAGCAC,URS000075E5F5_9606
RNA292,Yes,chr2,130337128,130337199,tcccatatggtctagcggttaggattcctggttttcacccaggtggcccgggttcgactcccggtatgggaa,URS0000639DBE_9606
RNA293,Yes,chr2,151368334,151368411,TGCTCCCCAGCCTTTCTATGCTCCTGTTCTGCTTTATTTCATCAAAGCAGAACAGGAGCATAGAAAGGCTGGGGAGCA,URS000075A05B_9606
RNA294,Yes,chr2,174557967,174558072,gtgctcgcttcggcagcacatatactaaaattggaacgatacagagaagattagcatggcccctgcgcaaggatgacacgcaaattcgtgaagcgttccatatttt,URS000035C796_9606
RNA295,Yes,chr2,175167633,175167709,ACTTGGGTCAGTTCAGAGGTCCTCGGGGCGCGCGTCGAGTCAGCCGTGTGCGCAGGGAGACCTCTCCCACCCACAGT,URS0000759919_9606
RNA296,Yes,chr2,177313806,177313882,TATGCTCTTACCATTAGAAGAGCTGGAAGAAGGCTGAGGGAGATGCCTTCTTCCAGCCCTTCTAATGGTAGGAGCAT,URS000075CCCD_9606
RNA297,Yes,chr2,206161881,206161950,GTTGCATGATGAATAAAATCAAATCACCATCTTTCGGCTGAGTTCGTGATGGATTTGCTTTTTTCTGATT,URS000004E6C0_9606
RNA298,Yes,chr2,207109987,207110073,cagacgtgtcatccccagatacaatggacaaTATGCTATTATAATCGtatggcattgtccttgctgtttggagataatactgctgac,URS000075D52C_9606
RNA299,Yes,chr2,207166400,207166498,GCAAGGGACAGGGAGGGTCGTGGCGACACTCGCGCCAGCTCCCGGGACGGCTGGGCTCGGGCTGGTCGCCGACCTCCGACCCTCCACTAGATGCCTGGC,URS000075BD6E_9606
RNA300,Yes,chr2,217833590,217833733,ggtcaccctgcaacggctctgcggccatgtgtggctcgtgactgctgtgctggacagGGTGAGCCTAGAGCAGGTTACGTGAGAGCCAGCTCTGCAGCCTCTTGTGACTGCGGGGAACCTCTCTCACTTTCCATGGTGACATCT,URS0000ABD8C8_9606
RNA301,Yes,chr2,218402646,218402722,CCGGGACCCAGTTCAAGTAATTCAGGATAGGTTGTGTGCTGTCCAGCCTGTTCTCCATTACTTGGCTCGGGGACCGG,URS000075C05A_9606
RNA302,Yes,chr2,232172653,232172747,agtgaaattgctaggtcatatggtcagtctacttttagagtaattgtgaaactgtttttcaaagtagctgtaccatttgcactccctgtggcaat,URS000075A7C1_9606
RNA303,Yes,chr2,233275725,233276003,GAGGTCGATGATGATTGGTAAAAGGTCTGATTGCACTGAATGTCACGGTCCCTTTGTTGCCCTCAACTCCCAGCAGCCCATTTTTTCCCTCCCGTCACATTTAAGTCATGTGTATGGGATCATGGAGCAGCTGATAATTTGGGATTCTGTCAGTGTGTGTTTCTGAGAGTGATCGGCTCACAGCTGACGAGTATCCAACAAAACCAGTTACACAGGAGACTGACGAGTGGCAGTCATGGGTGTGATGGTGCATGATCTCAAGTTTTCAATCTGAGACCT,URS000075D68F_9606
RNA304,Yes,chr2,233288675,233288941,AGGTCAATGATGAATGGTAAAAGGTCTGAGTCCTCAGATCCCCTCCCGGCATCCCAGTTATCCCCAGCTGCCTCTCCTCCATCGCACTTCAGAAGTGCTGCGATGGGCAGAAGGGCAGCTGACACTCCGTGATGTCCCTCATTCTGTGTTCCTCCGTGAGCTCAGGGAAGACACTGGTTGGCATCCAACAGCTTAGTCACAAAGGGATTTGATTGTTGGGAGTGCTGGTATCTGTGGCTATGATCTGCCTTGTTCAAGCTGAGACCT,URS00005F3006_9606
RNA305,Yes,chr2,241477905,241477982,cagaaattgtaaagaactcttaaaacccaatagtaaaaagacaacctgttgagttttaagagttctttatatattctg,URS000075CC6A_9606
RNA306,Yes,chr20,8831184,8831393,Ctccaatgtggatacacccaggaggtcactctctccccaggctgtgtccaagtagcataggggagcacagggctctgtccccatgatgtactgtccttttccatgacattggagatgaagctggacctcaactctgcacatgcatattcctacaacttctcagagtcctgtggataatgacggaggagagaaaccatgcaggaaacagcc,URS000075C574_9606
RNA307,Yes,chr20,17962709,17962946,GTGAAATGATGATTCAGTTTATCCATTCGCTGAGTGCGCTGCACTGACCTTCTTCCAAGCCTCAGTTCCTGTTCTAGGAACTTGAGGCTATGTAGCCTGAAAATGCCCTGCAGTCTGCAGTGTTCTACTGTGAACTGCTTGTGTGTTGGCAGGCTACCGGTAAGAATGGTTGGTGTCAGCAGGGACGGGGCCCTCTGAGACCCATCTCACAAAGATGAGTGGTGAAAATCTGATCACT,URS00006BA413_9606
RNA308,Yes,chr20,40714572,40714623,GGAAATGATGAAACCAGCTTCCTTGTCCTCAGAGGCAAGATGCTGAACAAAT,URS0000ABD89B_9606
RNA309,Yes,chr20,49863859,49863953,GAGCAGTTTGTGTCACAGATGGCCGGAAGAGACTCTTTTGCCTGGTTACAGGCATGTTTTTCTGCCATCCTGTTGAATTTTCCCATCAACTCCTT,URS0000D5268F_9606
RNA310,Yes,chr20,50585786,50585879,cagttcctaacaggcctcagaccagtaccggtctgtggcctgggggttgaggacccctgCTCTAGGCTGGTACTGCTGATGCTTAAAAAGAGAG,URS000075AEA1_9606
RNA311,Yes,chr20,58817615,58817694,AGGACCCTTCCAGAGGGCCCCCCCTCAATCCTGTTGTGCCTAATTCAGAGGGTTGGGTGGAGGCTCTCCTGAAGGGCTCT,URS00006F0310_9606
RNA312,Yes,chr20,58818226,58818313,TCAGGTCTTCAGCAGAAGCAGGGAGGTTCTCCCAGTGGTTTTCCTTGACTGTGAGGAACTAGCCTGCTGCTTTGCTCAGGAGTGAGCT,URS000069C337_9606
RNA313,Yes,chr20,62564912,62565013,GGGAGCCAAATGCTTTGCTAGAGCTGGTAAAATGGAACCAAATCGACTGTCCAATGGATTTGGTCCCCTTCAACCAGCTGTAGCTGTGCATTGATGGCGCCG,URS000075E14C_9606
RNA314,Yes,chr21,8208473,8208652,CGCGACTGCGGCGGCGGTGGTGGGGGGAGCCGCGGGGATCGCCGAGGGCCGGTCGGCCGCCCCGGGTGCCGCGCGGTGCCGCCGGCGGCGGTGAGGCCCCGCGCGTGTGTCCCGGCTGCGGTCGGCCGCGCTCGAGGGGTCCCCGTGGCGTCCCCTTCCCCGCCGGCCGCCTTTCTCGCG,URS000075A546_9606
RNA315,Yes,chr21,13406384,13406460,TGCAGAAGAAAGATCTGGAAGTGGGAGACACTTTCACTATATATAGTGGCTCCCACTTCCTGATCTTTCTCTCTGTA,URS000075C752_9606
RNA316,Yes,chr21,13644775,13644850,cacacatacaataatattcataatgcaatcacacacaatcaccatgtgactgcattatgaaaattcttctagtgtg,URS000078ED7D_9606
RNA317,Yes,chr21,16539089,16539169,CCCATTGGCATAAACCCGTAGATCCGATCTTGTGGTGAAGTGGACCGCACAAGCTCGCTTCTATGGGTCTGTGTCAGTGTG,URS0000208A34_9606
RNA318,Yes,chr21,18686090,18686164,aggttagtgcaaaagtaattgcagtttttgcgttactttcaatcgtaaaaactgcaattactttcacaccaatct,URS000075D953_9606
RNA319,Yes,chr21,26953961,26954043,CATTTAGGACTAGATGTTGGAATTAGACAGAAAAAAGTTAGACACAAAAAATTGTGTCTAATTCCAACATCTAGTCCTAAATG,URS000075E3C6_9606
RNA320,Yes,chr21,35720715,35720808,GTTCTGTTATTTGCAGTCAGTAACAAAGATTCATCCTTGTGTCCATCATGCAACAAGGAGAATCTTTGTCACTTAGTGTAATTAATAGCTGGAC,URS000070FC11_9606
RNA321,Yes,chr21,41948105,41948282,GGCTCGGGGCAGGCCCTGGTCTCAGTGGGGTGAATCATGGGCCTCTGGAGGAGGAGAAACAGTGGTGATGCCCATTCCCCCATCTGGACTCAGGCCTTCTGTCTTGGGAGCCAGCCAGGCCTGGGCAAAACAAGCTGTTTAATGTGCTTTGTTTTTCACTTCTAAAGCATCAACATTA,URS00008E3A08_9606
RNA322,Yes,chr21,46194090,46194159,TGGTAGTGATGACGGTCACAGCAGCTGCTCTCTGTGGCCCTACTGTGTTCACAGCTGGTGCTGAGCCACA,URS0000ABD86B_9606
RNA323,Yes,chr22,22886267,22886379,atctgacacaaaatgtgaaccaagcaattctcaaaggagcctcccaggaaattcactttaggaagtcctaggaggctcctctgagagTTGCTAAAACAAAACATTGAGAGTCC,URS00007A3E72_9606
RNA324,Yes,chr22,28459869,28459948,GGTTGGCTATAACTATCATTTCCAAGGTTGTGCTTTTAGGAAATGTTGGCTGTCCTGCGGAGAGAGAATGGGGAGCCAGG,URS000075C41D_9606
RNA325,Yes,chr22,38224479,38224720,CCTCCCACCTCCCAGCATCCTACAGGTGCGGCTGGGTCAGGACATGGGATCCCCACTCTATATGCAGGAATGGGGCCACAGAGGTCGGGGAAGAGCAGGTGCCACCAGCACGACCGATTCGGTCCTGGAAGCTCAGGCCACCTGTCCCTTGCAGCAGGTCCAAGTGTGGCGGTCCAGGGCTGATACAGACAGAGACTGTAATGAATAGACAAATTCCCTCGGGCTTCTAACTCCCAACACTG,URS00008E398A_9606
RNA326,Yes,chr22,39316842,39316896,GGGGTGATGAAGGCCTGCACCTGGTCCCCTCCCCAACTCTGCTCTGCTCCTGAAG,URS00004B7978_9606
RNA327,Yes,chr22,39319052,39319113,CACAGATGATGAACTTATTGACGGGCGGACAGAAACTGTGTGCTGATTGTCACGTTCTGATT,URS000022EFB6_9606
RNA328,Yes,chr22,42615244,42615393,ATGCCTTAAACTTATGAGTAAGGAAAATAACGATTCGGGGTGACGCCCGAATCCTCACTGCTAATGTGAGACGAATTTTTGAGCGGGTAAAGGTCGCCCTCAAGGTGACCCGCCTACTTTGCGGGATGCCTGGGAGTTGCGATCTGCCCG,URS00006ECA78_9606
RNA329,Yes,chr22,45760524,45760598,CTGATACCCCAAATCTTGATCAGAAGCCTTGATCAGAAGCTAGGAAGGCTTCTGATCAAGATTTGTGGTGTCAAG,URS000075A352_9606
RNA330,Yes,chr3,13618381,13618548,TTCCTGTTACCCCACAAGTTGGAACCCACAGAAGCCTGAAGCTTCCAGTGATGGGGGATTTGTGAGGCAGGAAAAATAGAAGCTTTCTTCCTGGGGCTCCATCTGCAGGGACCTGGCCCCAGCACCTTGTCCCATATTCGAGCGCAGGGACAGGCTCAGGCCACAGAG,URS00008E3A7A_9606
RNA331,Yes,chr3,19314848,19314931,TAAGAACTGGATATGATGACTGAAATAAGCTCCATATCAATGAGAATTTCAATGGGATTATGTGCAGTCAATGTCCAGTAATTA,URS000075EF37_9606
RNA332,Yes,chr3,37969404,37969480,GTGGCCTCGTTCAAGTAATCCAGGATAGGCTGTGCAGGTCCCAATGGGCCTATTCTTGGTTACTTGCACGGGGACGC,URS000023C301_9606
RNA333,Yes,chr3,39408391,39408539,TGCACACTATTAAAGCTCAGGGTGGAGGCCAGTCTTGGCTCATGAACTTCTGAGTGTCGGAAGTGTGCTATATCAATGGCAGGATTTTCGCTAACACCAGTAGAGCTTGCCTCTATGACTGGAGTTTGGTAGTACTCGCTGCCACATAG,URS00004C6257_9606
RNA334,Yes,chr3,39411054,39411207,TGTGCACATTGTTAGAGCTTGGAGTTGAGGCTACTGACTGGCCGATGAACTCGCAAGTGTAGGTAGTGTGCTACATGAGGGGCAAGTTTTCGCTAACACCACAAGGGTCTCTGGCCCAATGAGTGGAGTTTGATAGTAATTCTTGCTACAAGTA,URS00001696A6_9606
RNA335,Yes,chr3,44114212,44114310,CCCTGGCATGGTGTGGTGGGGCAGCTGGTGTTGTGAATCAGGCCGTTGCCAATCAGAGAACGGCTACTTCACAACACCAGGGCCACACCACACTACAGG,URS000075BD79_9606
RNA336,Yes,chr3,47849555,47849629,GTGAGGGCATGCAGGCCTGGATGGGGCAGCTGGGATGGTCCAAAAGGGTGGCCTCACCAGCCCTGTGTTCCCTAG,URS000064B9B1_9606
RNA337,Yes,chr3,48604920,48605150,TCTATCACTTGAACACAGGTGTGGGCTTACCTGACCATGGCTGTCAATAAGGAGGGGGGAGGTGTACTGGTAATGATCCCCACAGCTTGTTGGTAAGCTGTTACAGGAGCTTTAGGCAACACTTGCTCTGGCCATGCCCTTCAGTCCTGGCCCTGGCTATCTCTGTTCTGTTGGCGCATGATGCCATGGTTTTGGTCACCTCAAGGCCTGCTTAGTGCTTGGTAAACAGAC,URS00008E39F0_9606
RNA338,Yes,chr3,49020618,49020709,CGGCTGGACAGCGGGCAACGGAATCCCAAAAGCAGCTGTTGTCTCCAGAGCATTCCAGCTGCGCTTGGATTTCGTCCCCTGCTCTCCTGCCT,URS000075BBD9_9606
RNA339,Yes,chr3,52268278,52268361,AGGCTGAGGTAGTAGTTTGTACAGTTTGAGGGTCTATGATACCACCCGGTACAGGAGATAACTGTACAGGCCACTGCCTTGCCA,URS00003DBD40_9606
RNA340,Yes,chr3,52688887,52689033,TGTGAGAAATGATGAGGGTCAACATTCTTCATACCAAAGTGAAGACATGAGATCCAACTCTGAGCTCACCCTGTTGCTAAATGGATAATGCCAGTACTCTCTTGTGGAAGGTATTACCAGAACAAGGGATGTAGTTCTGATCATTTT,URS00008E3A6E_9606
RNA341,Yes,chr3,52691378,52691444,AAGAAATGAAGAAACTAAAATTGGTCTTAGTATTGAAGTGAAGACACTGAGATCCAACTCTGATCTT,URS0000ABD85F_9606
RNA342,Yes,chr3,53333061,53333127,GTCAGTGATGAAAATTTTGTCTAGTTCTGCTACTGACATTAAGTTATGATAAAGTCTGTCTGAGGAG,URS0000ABD8BE_9606
RNA343,Yes,chr3,69048958,69049035,AATATGAAACTGACTGAATAGGTAGGGTCATTTTTCTGTGACTGCACATGGCCCAACCTATTCAGTTAGTTCCATATT,URS000075A0FD_9606
RNA344,Yes,chr3,79507887,79507969,ggtagagtgagctctaatccaatattactagcttctttataagaagaggaaactagtaatgttggattagggctcactctact,URS000075D365_9606
RNA345,Yes,chr3,112737089,112737181,ATCTGAAAGGCAGGATGTGGCCTCTAAGAACCCGCTCTTACTTCTAAAAGGACAGGTCCTAAGAGACTGCATCAAGCCTTCAGCTCACAAAGA,URS0000D51343_9606
RNA346,Yes,chr3,113432118,113432200,CCTATCCACACGTCTGGTCTAGAGTTCTCCTGTGAGAGCTACTAAGTCTTATATGGACTTTTCTGATACAAtgtagtggaaag,URS0000759E84_9606
RNA347,Yes,chr3,115905066,115905126,cttgatgatgactgacaagctgtgcaaaagagcattttatccaagatatgtctgaagtaga,URS0000ABD7F8_9606
RNA348,Yes,chr3,120084564,120084648,AACCTGTTCTCTTGAGAGATCAGAGGCGCAGAGTGCGTCAGTGTCAATGAAGCCTGTGCCTTTTACTTCTTTAAGAGCGTACGGT,URS0000D51F4E_9606
RNA349,Yes,chr3,123161794,123161879,GGGGCTGGGGGTGTGGGGAGAGAGAGTGCACAGCCAGCTCAGGGATTAAAGctctttctctctctctctctcCCACTTCCCTGCAG,URS000075DD92_9606
RNA350,Yes,chr3,125790404,125790552,CAGATGGCTCTGAAGTTTGCACCCTAttaggttggtgcaaaagtaattgcggattttgccattaaaagtaatggcaaaaatagcaattatttttgtaccagcctaGTATCTTTTCTCCTTCTACCAAACTTTGTCCCTGAGCCATCTCA,URS000075A33A_9606
RNA351,Yes,chr3,128846808,128846908,GGCCTCGCTTTCTTTCCCCATGCTCTGCACTCTGCCACGCACCCCTTCCTCGGCCAGGCGGACAGAGGAAATGCAGATGCTGGAGGCAGGAGCACTGGACT,URS0000D51773_9606
RNA352,Yes,chr3,129272146,129272243,CTTGGTCAATAGGAAAGAGGTGGGACCTCCTGGCTTTTCCTCTGCAGCATGGCTCGGACCTAGTGCAATGTTTAAGCTCCCCTCTCTTTCCTGTTCAG,URS000075CF9E_9606
RNA353,Yes,chr3,151565876,151565995,TCAGCCAGCTTATGACTTGACCCTCTCACCTGATTTCTACCAACCTTTCCTCAGCTGATTTCTTTCTGGGGAGAGATTGGTAGAAATCAGGTGAGAGGGTCATGCCATAAGCTGGCTAAC,URS000075B19B_9606
RNA354,Yes,chr3,160514906,160515236,TGGAAATGATGAAATAGAGATAATTGGGTGTTGAATGTTGTATGACTGGAAATTTTTAATATGTATATTATGTAATTCTTATAAGTTTAGTGTTTTATAGGTACTTAATAGAGAGTGTGTATGCATGTGTGTGTGCTTGTGGTGGCTATGGAAAGGGGGCACTGACTGGTGATGCTGATATTGGAGTGCATCTGAGGCTGTTGTAGAAATAACATGGGTTGTTGATTACAACATTGCCAATGATTATAACCCAAGAACAGCTCACCTAACTAGCCTGGCACCCTAAAATCTCTAACAGGTTCATTAAAATGGTCCTGTGATCTGATCCAAA,URS00002B3204_9606
RNA355,Yes,chr3,183886800,183886885,aggagtgaccaaaagacaagagtgcgagccttctattatgcccagacagggccaccagagggctccttggtctaggggtaatgcca,URS000075C68B_9606
RNA356,Yes,chr3,186784796,186784865,AAGTGAAATGATGGCAATCATCTTTCGGGACTGACCTGAAATGAAGAGAATACTCATTGCTGATCACTTG,URS000075E9C3_9606
RNA357,Yes,chr3,186786676,186786852,CCTTCTTGTATAAGCACTGTGCTAAAATTGCAGACACTAGGACCATGTCTTGGTTTTTGCAATAATGCTAGCAGAGTACACACAAGAAGAAAAGTAACAGCACTAGATTGTAAAGACTGGGGTGGACCTCTTTCTTAATGTCCAATGTCCTTTGTCTTAAGATTTGGTGCAATATCT,URS00025E358E_9606
RNA358,Yes,chr3,195699401,195699497,CTAGATAAGTTAttaggtgggtgcaaaggtaattgcagtttttcccattattttaattgcgaaaacagcaattacctttgcaccaacctgaTGGAGT,URS0000759B29_9606
RNA359,Yes,chr3,197674496,197674576,ATGGCGTTTTCCCTCTCCCTGTCCTGGACTGGGGTCAGACTGTGCCCCGAGGAGAAGCAGCAGAGAATAGGACTACGTCAT,URS0000718B2A_9606
RNA360,Yes,chr4,350157,350252,cctcagtaagaccaagctcagtgtgccatttCCTTgtctgtagccatgtctatgggctcttgagttggccatctgagtgagggcctgcttattcta,URS000075E6ED_9606
RNA361,Yes,chr4,2250077,2250156,ggagaaaggagtggaccgaggaaggaaggaaggcaaggCTGTCTGTCCATCCGTCCGTCTGTCCACCTACCTGTCAGTCC,URS000075B063_9606
RNA362,Yes,chr4,8005301,8005381,AacacagtgggcactcaataaatgtctgttgaatTGAAatgcgttacattcaacgggtatttattgagcacccactctgtg,URS000015F70F_9606
RNA363,Yes,chr4,9556168,9556316,TAGATGGCTCCGAAGTTTGCATCCTAttagtttggtgcaaaagtaattgcggattttgccattaaaagtaatggcaaaaatagcaattatttttgtaccagcctaGTATCTTTTCTCCTTCTAACAAAGTTCGTCCCTGATCCATCTCA,URS000075E2FD_9606
RNA364,Yes,chr4,11368827,11368921,GTCGAGGCCGTGGCCCGGAAGTGGTCGGGGCCGCTGCGGGCGGAAGGGCGCCTGTGCTTCGTCCGCTCGGCGGTGGCCCAGCCAGGCCCGCGGGA,URS000075C548_9606
RNA365,Yes,chr4,20528275,20528384,GTGATAATGTAGCGAGATTTTCTGTTGTGCTTGATCTAACCATGTGGTTGCGAGGTATGAGTAAAACATGGTTCCGTCAAGCACCATGGAACGTCACGCAGCTTTCTACA,URS0000332092_9606
RNA366,Yes,chr4,24520192,24520290,TTTAGCGGTTTCTCCCTGAAGTGATGTGTAACTGATCAGGATCTACTCATGTCGTCTTTGGTAAAGTTATGTCGCTTGTCAGGGTGAGGAGAGTTTTTG,URS00006A04D9_9606
RNA367,Yes,chr4,28819582,28819668,ACATTTTTGTCCAATTACCACTTCTTTTTGCCACCTGAGCACAGTCAGCAGTCAGCATAAAAAAGTGATAATGGGAAGTTAATGTCT,URS000075A242_9606
RNA368,Yes,chr4,66276824,66276928,tggattgcctagaccagggaagccagttggcatggctcagtccaagtctgaccacctgaggaatgcctggactgagccgtgctactggcttccctggtctccagc,URS000075B86F_9606
RNA369,Yes,chr4,76575551,76575626,aggttggtgcaaaagtgattgcagtgtttgccaataaaagtaatgacaaaaactgcagttacttttgcaccagccc,URS000075CCBF_9606
RNA370,Yes,chr4,78288985,78289050,TTTATGTGATGATTGGGATAAGTTGCCACTTTATTGGCCCATTAAAACCCAAAGAAACTGAGTGCT,URS0000ABD844_9606
RNA371,Yes,chr4,109488698,109488795,tacaatccaacgaggattctaatttctccacgtctttggtaataaggtttggcaaagatgtggaaaaattggaatcctcattcgattggttataacca,URS000063C5C4_9606
RNA372,Yes,chr4,113106863,113106955,CTAAAACTGGATCAATTATAGGAGTGAAATAAAGGTCCATCTCCTGCCTATTTATTACTTTGCTTTGGTAATAAATCTATTTTTAAAAGAACC,URS000075E486_9606
RNA373,Yes,chr4,113152282,113152362,GCCTGTGTGATGATGGAGCTGGGAATACTCTGGGGAGAGAGTCCTCTTTTCAGCTGTATTTTGCTTCCTTCCCACACAGAC,URS000075DCEA_9606
RNA374,Yes,chr4,114656759,114656854,TGGGGGAGTGAAGAGTAGATAAAATATTGGTACCTGATGAATCTGAGGCCAGGTTTCAATACTTTATCTGCTCTTCATTTCCCCAtatctacttac,URS00006D03D5_9606
RNA375,Yes,chr4,147344629,147344717,AGTTAttagattagtgcaaaagtaattgcagtttttgcattacgttctatggcaaaactgtaattacttttgtaccaacataaTACTTC,URS000075D0BD_9606
RNA376,Yes,chr4,151103827,151103891,AATAAGTGATGAAAAAAGTTTCGGTCCCAGATGATGGCCAGTGATAACAACATTTTTCTGATGTT,URS000051B5A1_9606
RNA377,Yes,chr4,152489327,152489416,CCTCTTGAGGTACCTGAATTACCAAAAGCTTTATGTATTCTGAAGTTATTGAAAATAAGAGCTTTTGGGAATTCAGGTAGTTCAGGAGTG,URS000075E6D4_9606
RNA378,Yes,chr4,152536428,152536516,TGGAGAGCTTGGTCTGTAGCGGTTTCCTTCGGGGCAGGTGGGGACTGCTCCTTTGGGAGGAAGGAGGAGGCCCAGGCCGCGTCTTCAGG,URS000075D7DA_9606
RNA379,Yes,chr4,159128802,159128894,TCTTCACTTTCAAGAGTGGCAAAGTCTTTCCAtatgtatgtatgtatgtctgtTACACATATGGAAAGACTTTGCCACTCTTTAAAGTGAAGA,URS000075CA84_9606
RNA380,Yes,chr4,159128805,159128891,TCACTTTAAAGAGTGGCAAAGTCTTTCCATATGTGTAacagacatacatacatacataTGGAAAGACTTTGCCACTCTTGAAAGTGA,URS000075C973_9606
RNA381,Yes,chr4,165386242,165386337,AGATAAATCTATAGACAAAATACAATCCCGGACAACAAGAAGCTCCTATAGCTCCTGTagcttcttgtgctctaggattgtattttgtttatatat,URS000064EB09_9606
RNA382,Yes,chr4,171186184,171186292,TTGAAGAATACGTCTGGTTGATCCAGTCCACTTAATTCTGAGAAAGTCCACAGACTGGATCGGGTCTTGGATTTTAGCTGGATTCATTGACTGGGCTATATTTGTCATA,URS000075E60E_9606
RNA383,Yes,chr5,1510762,1510856,GACACCACATGCTCCTCCAGGCCTGCCTGCCCTCCAGGTCATGTTCCAGTGTCCCACAGATGCAGCACCACGGCCCAGGCGGCATTGGTGTCACC,URS000075A781_9606
RNA384,Yes,chr5,9053816,9053895,TAGATTCAGAACTCGTGTTCAAAGCCTTTAGCCCAGCAATGGGAGAGTGCTAAAGGCTTCAAGCACGAGTTCTGAATCTA,URS000075A2B1_9606
RNA385,Yes,chr5,55172262,55172353,GCTGGGATGTGTCAGGTAGGCAGTGTATTGCTAGCGGCTGTTAATGATTTTAACAGTTGCTAGTTGCACTCCTCTCTGTTGCATTCAGAAGC,URS000075D49E_9606
RNA386,Yes,chr5,59703606,59703703,atctgtgctctttgattacagttgttcaaccagttactaatctaactaattgtaactggttgaacaactgaacccaaagggtgCAAAGTAGAAACATT,URS000068CA2F_9606
RNA387,Yes,chr5,86620506,86620568,GTGCATGTGATGAAGCAAATCAGTATGAATGAATTCATGATACTGTAAACGCTTTCTGATGTA,URS000062539F_9606
RNA388,Yes,chr5,93620696,93620788,GTGCTTCCTGCGGGCTGAGCGCGGGCTGAGCGCTGCCAGTCAGCGCTCACATTAAGGCTGACAGCGCCCTGCCTGGCTCGGCCGGCGAAGCTC,URS000075D14E_9606
RNA389,Yes,chr5,138561043,138561110,GTGCAATGATGTATTTTATTCAACACATCATTCTGAAAGAACGTGTGGAAAACTAATGACTGAGCACA,URS00005BBB0D_9606
RNA390,Yes,chr5,139276180,139276323,TCCAGCTGTAGGCAGCTGCCTAGGTTGTCTTGTACCTAGGCAAGTGTTACACTGCTGGGAGAACAGCAGCCAATAGCTGGTTGGCATTCTGGCCCTGGTTCATGCCAACTCTTGTGTTGACTACCCCAGGATGCCAGCATAGTT,URS0000ABD80F_9606
RNA391,Yes,chr5,139278780,139278979,ATCCAGCGGTTGTCAGCTATCCAGGCTCATGTGGTGCCTGTGATGGTGTTACACTGTTGGAAGAGCAAACACTGTCTTTATTGAGGTTTGGCTCCAAGCACTGTTTTGGTGTTGTAGCTGAGTACCTTTGGGCAGTGTTTTGCACCTCTGAGAGTGGAATGACTCCTGTGGAGTTGATCCTAGTCTGGGTGCAAACAATT,URS0000148398_9606
RNA392,Yes,chr5,154685776,154685861,ggctgggcaacatagcgagacctcaactctacaaTttttttttttttaaattttagagacggggtcttgctctgttgccaggctTT,URS000075BAB0_9606
RNA393,Yes,chr5,154829458,154829540,acaggaacactggacttggtgtcagatgggatgagccctggctctgtttcctagcagcaatctgatcttgagctagtcactgg,URS000075C7AC_9606
RNA394,Yes,chr5,168165845,168165929,CAGTTAATTCAGAGTTGCTTATGTCAGGTGAGAGGGGTAGACACCAATTCTCTCTCACCTGGCATAAGCAATTCACAATTAACTG,URS0000D5676C_9606
RNA395,Yes,chr5,170028488,170028566,ctgactccagtgtccaggcCAGGGGCAGACAGTGGACAGAGAACAGTGCCCaagaccactggacttggagtcaggaCAT,URS000075DCAA_9606
RNA396,Yes,chr5,173020725,173020929,CTTTCCAGCAGTAGTCAGCCATCCGGACAGAACCGTTCCTGTGATGGTGTTACACTGCTGGGAGAGGAATGTCTTGTCTTCATCCGGTTGCCTGCGCCACTGTTCTGGTGGCGTCTGGCACTGGTGCAAGACAGAGCTGTGCTTCCCCGAGAGTGTGCTAAGCATTCACTTTGGCTGCTTAGTTCTAGTCTGGGAGCAGACAGAG,URS000000D517_9606
RNA397,Yes,chr5,181043403,181043484,AAGGAGCACTCACTCCAATTTCCCTGGACTGGGGGCAGGCTGCCACCTCCTGGGGACAGGGGATTGGGGCAGGATGTTCCAG,URS000075C3DD_9606
RNA398,Yes,chr5,181243314,181243376,GCGGTGATGACCCCAACATGCCATCTGAGTGTCGGTGCTGAAATCCAGAGGCTGTTTCTGAGC,URS0000571896_9606
RNA399,Yes,chr6,5148233,5148322,TTGAGGCACTGGGTAGTGGATGATGGAGACTCGGTACCCACTGCTGAGGGTGGGGACCAAGTCTGCGTCATCCTCTCCTCAGTGCCTCAA,URS000075D0E7_9606
RNA400,Yes,chr6,6169304,6169435,tctcacacttcaataggcattgtctggggtcttattcaaatgcagatcctgacttcactggtgcagtaagaagtcagagaatctgcatctgtaacaagctcccaggtgatgatggtgctgctggtgtgcaga,URS000075EAD0_9606
RNA401,Yes,chr6,26305490,26305573,GGAgaggcctggccgagtggttaaggcgatggactgctaatccattgtgctctgcacgcgtgggttcgaatcccatcctcgtcg,URS0000733374_9606
RNA402,Yes,chr6,26532917,26532990,ggctccgtggcttagctggttaaagcgcctgtctagtaaacaggagatcctgggttcgaatcccagcggggcct,URS000047B05D_9606
RNA403,Yes,chr6,26756552,26756625,ggccggttagctcagttggttagagcgtggtgctaataacgctaaggtcgcgggttcgatccccgtactggcca,URS000072E1AF_9606
RNA404,Yes,chr6,27583457,27583528,tcctcgttagtatagtggtgagtgtccccgtctgtcacgcgggagaccggggttcgattccccgacggggag,URS00006D74B2_9606
RNA405,Yes,chr6,28764387,28764463,gccaaaattgctcagttgggagagcgttagactgaagatctaaaggtccctggttcgatcccgggtttcACCAGGTT,URS0000C8E9D4_9606
RNA406,Yes,chr6,31956839,31956940,GTGAGTGACAGGGGAAATGGGGATGGACTGGAAGTGGGCAGCATGGAGCTGACCTTCATCATGGCTTGGCCAACATAATGCCTCTTCCCCTTGTCTCTCCAG,URS000075C764_9606
RNA407,Yes,chr6,32170030,32170116,CCCTCATCTCTGGGCAGGGGCTTATTGTAGGAGTCTCTGAAGAGAGCTGTGGACTGACCTGCTTTAACCCTTCCCCAGGTTCCCATT,URS000075D15B_9606
RNA408,Yes,chr6,33207835,33207944,CCGCCCCGGGCCGCGGCTCCTGATTGTCCAAACGCAATTCTCGAGTCTATGGCTCCGGCCGAGAGTTGAGTCTGGACGTCCCGAGCCGCCGCCCCCAAACCTCGAGCGGG,URS0000173F7B_9606
RNA409,Yes,chr6,36622436,36622512,GTGGGAATAGCAAGAGAACTGAAAGTGGAGCCTgtcacatctccagactccagttttagttctcttgctatttccac,URS000075CC9E_9606
RNA410,Yes,chr6,37915573,37915742,atggccagttggcagagtgatcagaacacacataacatttattgatgaagtttgctaccttgggcttatccattgcactctggatgtgctgacccctgcaattttccacaaatgtgagaaacttgactgcataatttatggtagtgggaggctgcgtttgcactctcccc,URS00006BDF17_9606
RNA411,Yes,chr6,45197674,45197770,ATGGGGTAAAACCATTATGCATTGTATTTTTAGGTCCCAATACATGTGGGCCCTAAAAATACAATGCATAATGGTTTTTCACTCTTTATCTTCTTAT,URS0000652679_9606
RNA412,Yes,chr6,52995619,52995951,Cggatgtgagggcgatctggctgcgacatctgtcaccccattgatcgccagggttgattcggctgatctggctggctaggcgggtgtccccttcctccctcaccgctccatgtgcgtccctcccgaagctgcgcgctcggtcgaagaggacgaccatccccgatagaggaggaccggtcttcggtcaagggtatacgagtagctgcgctcccctgctagaacctccaaacaagctctcaaggtccatttgtaggagaacgtagggtagtcaagcttccaagactccagacacatccaaatgaggcgctgcatgtggcagtctgcctttctttt,URS0000734D8F_9606
RNA413,Yes,chr6,53276993,53277071,CTCTACATCACAGCCCAGCAGTTATCACGGGCCCCTCCCCTCAATGGGCCCGTGATAACTGCAGGGCTGTGATGTAGAG,URS000075D3B4_9606
RNA414,Yes,chr6,57842214,57842286,gccctcttagtgcagctggcagcgcgtcagtttcataatctgaaagtcctgagttcaagcctcagagagggca,URS000065DEBF_9606
RNA415,Yes,chr6,151102675,151102776,TCCCTGCCCTTTATTTGGGAGTACACCTCTCCAAATATACAGTTAACTGATGTTTTACTGTTTATTTGGAGAGGTGTACTCCCAAATAAAGGGCATACCCTC,URS0000D526FB_9606
RNA416,Yes,chr6,158322982,158323128,CTTTTCTCAGTGGTGCAAGAAGATTAAGCCACATTCTGGCTTTAGAGAGGCATTTCTGAGAGAGATGAAGGACACTTCGTTCCCCAGCCCCAACCTAAGCATGTGACTGTACTCACCTTGTCAGATGCTGTTGGAACCTGGCTGACA,URS0000ABD864_9606
RNA417,Yes,chr6,158609707,158609790,TAAAGACTGTAGAGGCAACTGGTGTTCTCACGCAAAGTGGCCAGGGTGTGGGAGACTAGATCTTTGACTCTGGCAGTCTCCAGG,URS000075C8F6_9606
RNA418,Yes,chr6,166509354,166509433,ACCTCTACCTCCCGGCAGAGGAGGCTGCAGAGGCTGGCTTTCCAAAACTCTGCCCCCTCCGCTGCTGCCAAGTGGCTGGT,URS000075C72C_9606
RNA419,Yes,chr6,166997807,166997912,CTGGCTTCCAAAGGCCTCTGTGTGTTCCTGTATGTGGGCGTGCACGTACCTGTCACATGTGTACGCGCAGACCACAGGATGTCCACACTGGCTTCCAAACACATCT,URS0000759FD9_9606
RNA420,Yes,chr7,4788565,4788639,AGGCTGGCGTGGGCTGAGGGCAGGAGGCCTGTGGCCGGTCCCAGGCCTCCTGCTTCCTGGGctcaggctcggttt,URS000075DEB1_9606
RNA421,Yes,chr7,4837388,4837450,CTGGGGTGATGTGGCACAGTGACACCTCCTCCTTGTAAAGTAGGGGCAGGATGCTGACCAGTC,URS0000ABD87E_9606
RNA422,Yes,chr7,7066964,7067045,gggtgtacaccccctgcgacattggaagtagtatcatctctcccttggatgctacgaacaatatcacagaaggtgtacaccc,URS000075C564_9606
RNA423,Yes,chr7,27169480,27169563,ACTGGTCGGTGATTTAGGTAGTTTCCTGTTGTTGGGATCCACCTTTCTCTCGACAGCACGACACTGCCTTCATTACTTCAGTTG,URS000075D019_9606
RNA424,Yes,chr7,29680734,29680828,GATGCTTTGCTGGCTGGTGCAGTGCCTGAGGGAGTAAGAGTCCTGTTGTTGTAAGATAGTGTCTTACTCCCTCAGGCACATCTCCAACAAGTCTC,URS000075BC21_9606
RNA425,Yes,chr7,32732981,32733077,TGATGCTTTGCTGGCTGGTGCAGTGCCTGAGGGAGTAAGAGCCCTGTTGTTGTCAGATAGTGTCTTACTCCCTCAGGCACATCTCCAGCGAGTCTCT,URS000070ACB1_9606
RNA426,Yes,chr7,43150895,43150994,CACAcagacggcagctgcggcctagcccccaggcttcacttggcgtggacaacttgctaagtaaagtggggggtgggccacggctggctcctacctggac,URS000075CCF9_9606
RNA427,Yes,chr7,56955785,56955864,ACTCTGATCCTGGGGCTCAGCGAGTTTGCAAGGGGTGTTTCTGTCCATGGTCAGGCTTGCCAGCCTTGGTCCTTGGGCCC,URS000075E5B4_9606
RNA428,Yes,chr7,71307672,71307770,TGGACTTCAGATTTAACTTCTCATTTTCTGGTTCCTTCTAATGAGTATGCTTAACTTGGTAGAAGGAACCAGAAAATGAGAAGTTGAGTAGGAACTCTA,URS000075A34C_9606
RNA429,Yes,chr7,93482760,93482855,TTCATTCCTTCAGTGTTGAAACAATCTCTACTGAACCAGCTTCAAACAAGTTCACTGGAGTTTGTTTCAATATTGCAAGAATGATAAGATGGAAGC,URS00006F04EF_9606
RNA430,Yes,chr7,93483936,93484019,GTGGCAGCTTGGTGGTCGTATGTGTGACGCCATTTACTTGAACCTTTAGGAGTGACATCACATATACGGCAGCTAAACTGCTAC,URS000075EA26_9606
RNA431,Yes,chr7,96219662,96219756,TCTTATCAATGAGGTAGACCATGGGTTCTCATTGTAATAGTGTAGAATGTTGGTTAACTGTGGACtccctggctctgtctcaaatctactgattc,URS000075D670_9606
RNA432,Yes,chr7,98881697,98881890,AAGCAAAGTGATGAGTAATACTGGCTGGAGCCCCAAAGAGGCACgtgtgtgtgtttgtgtgtgtgtgtatatgcttgtcagtgcatgcacgtgtatgtctgGGAGTACAAATGGGTGCGACTGGTTGTAGGGAACTAGCTATGTGCCTTCTATTAGGCCATGACAGTCAAACTGATAAGATCTGATTGCTTCTC,URS00008E3964_9606
RNA433,Yes,chr7,128081861,128081960,CCCCCAGAATCTGTCAGGCACCAGCCAGGCATTGCTCAGCCCGTTTCCCTCTGGGGGAGCAAGGAGTGGTGCTGGGTTTGTCTCTGCTGGGGTTTCTCCT,URS000052FD62_9606
RNA434,Yes,chr7,143382686,143382800,GTAAGGGACCGGAGAGTAGGAAAAGCAGGGCTCAGGGCCAGAGAGACTGGGCATAGAACTAAGGAGGATGGTGTCCTCCTGACTGCATCTCTCTTCCCTCTCCCACCCCTTGCAG,URS000075C47A_9606
RNA435,Yes,chr7,147378017,147378121,GAGTTCTAACGTAttaggttggtgcaaaagtaatagtggtttttgccattaaaagtaatgacaaaaactgtaattacttttggaacaaTATtaatagaatttcag,URS000075A5A4_9606
RNA436,Yes,chr7,148963315,148963410,ggctggtccgatggtagtgggttatcagaacttattaacattagtgtcactaaagttggtatacaaccccccactgctaaatttgactggcttTTT,URS0000007D24_9606
RNA437,Yes,chr7,148983755,148983856,ggctggtccgagtgcagtggtgtttacaactaattgatcacaaccagttacagatttctttgttccttctccactcccactgcttcacttgactagcctttT,URS00005CF03F_9606
RNA438,Yes,chr7,148987136,148987248,ggctggtccgaaggtagtgagttatctcaattgattgttcacagtcagttacagatcgaactccttgttctactctttccccccttctcactactgcacttgactagtctttT,URS0000103047_9606
RNA439,Yes,chr7,149556711,149556780,gggcgtatagctcaggggtagagcatttgactgcagatcaagaggtccccagttcaaatctgggtgccca,URS000065F0A0_9606
RNA440,Yes,chr7,151238421,151238538,GCAGGTGAACTGGCAGGCCAGGAAGAGGAGGAAGCCCTGGAGGGGCTGGAGGTGATGGATGTTTTCCTCCGGTTCTCAGGGCTCCACCTCTTTCGGGCCGTAGAGCCAGGGCTGGTGC,URS000075DC96_9606
RNA441,Yes,chr7,151433489,151433639,GGGTTGGAAAGCTGTAGGTGTGGAGGGGCATGGATACGGGGGCCATGAGGGTGGGGTCCAGGCTGGACCAGGCCTGCCCTGAGTCCCCCAGCAGGTGCTCCAGGCTGGCTCACACCCTCTGCCTCTCTCTCTTCCTTCCTGGCCCCAACCC,URS0000759E9D_9606
RNA442,Yes,chr7,158532718,158532813,ACGGAAGCCTGCACGCATTTAACACCAGCACGCTCAATGTAGTCTTGTAAGGAACAGGTTGAAGTGTGCCGTGGTGTGTCTGGAGGAAGCGCCTGT,URS000075B3FD_9606
RNA443,Yes,chr7,158591616,158591696,TGTAAGAACACGTTTGAATGCTGTACAAGGCACATATGTGAACATTGTACCACATGTACAGCTTTCAAACATGCTCTTATA,URS000075B4BF_9606
RNA444,Yes,chr8,11705362,11705558,CCGTCCTCCTCGCTGCAGGCCGAGAGCGGAGGCGTAAACCCAGGCCAGCGAGGAGTGTCCTATAAAGGGACGGGGACTTTTCGGCGCTTGCAATTCTCCCATTCTGAAAAATAGATCGGAAGAGGGCTATTGGTTGATTCTTGAAAGGGGAGCGCATTTCCTGTTGGCCTGCGAATTTGGGGTGAACTGGGACAAGT,URS00008E39B9_9606
RNA445,Yes,chr8,27610601,27610751,CCCCCATTTCCTCAGGAATAAAAGTGCAGCAGTGCCTGCTGTGGGGACAGCTGAGGGCAGTGAGGCCCTGGGGAGCTGCTGCAGGCAGCAGGTGGGCGGGACGCCAGCAGGCTGTCTAGCTGTTCCCATGATGGTCTCCTGTTCTCTGCAG,URS000075A59F_9606
RNA446,Yes,chr8,39018615,39018683,TCTTAGTGATGAAAACTTTGTCCAGTTCTGCTAATGACTTTAAGTGATGATAAACTATGTCTGAGGGGA,URS0000650962_9606
RNA447,Yes,chr8,42896197,42896275,CCGACGCGGAGAGCGGCTCTAGGTGGGTTTGGCGGCGGCGAGGACACCGCCGCTCCCTCTAGGGTCGCTCGGAGCGTGA,URS000075ABE0_9606
RNA448,Yes,chr8,54330685,54330895,TtccaacatggatagtctgggaggtcactctccccaggctctgtggaagtggtgttggggagcatagacgtttggtccatgacgtacagtacagcccctttccacaatgctggagatgaagctgggtctcctgtctgcgcctgcatattcctatagcttccctgagtcctgtggatgatgactggtgagacaaatcgtgcaggaaacaAGT,URS00003F1BD0_9606
RNA449,Yes,chr8,56073839,56073901,TGGCGATGAGGAGGTACCTATTGTGTTGAGTAACGGTGATAATTTTATACGCTATTCTGAGCC,URS000004A26B_9606
RNA450,Yes,chr8,64379149,64379257,ATCAAGATTAGAGGCTCTGCTCTCCGTGTTCACAGCGGACCTTGATTTAATGTCATACAATTAAGGCACGCGGTGAATGCCAAGAGCGGAGCCTACGGCTGCACTTGAA,URS000023AB58_9606
RNA451,Yes,chr8,76966768,76966850,ATACATACATGTACACACACATGTCATCCacacacatacatatatatatgtttgtatggatatgtgtgtgtatgtgtgtgtat,URS000079A8E5_9606
RNA452,Yes,chr8,80241389,80241473,attacagacatgagcgactgtgcctgaccAAAAGTCAACATTAAACAACAAATCTTggccaggcacagtggctcatgcctgtaat,URS000075D3EA_9606
RNA453,Yes,chr8,95072911,95072996,GAGGGAAAGCAGGCCAACCTCGAGGATCTCCCCAGCCTTGGCGTTCAGGTGCTGAGGAGATCGTCGAGGTTGGCCTGCTTCCCCTC,URS000075A34F_9606
RNA454,Yes,chr8,97358264,97358474,Aaagactatactctcaggaatcatttctatagttttttactagagaaatttctctgaacgtgtagagcactggaaaccgtgaggagaagctgccttctcttctgagcatgaagtgagctctcagtgttgcttctctgcaactgccatttgccattgatgatcgttcttctcttcctctgggagagtaaaagggtacaggatgcagtctgag,URS00008B2C89_9606
RNA455,Yes,chr8,100004582,100004651,GATACTATGATGGTTGCATAGTTCAGCAGATTGAATTCATGAAGAGATTTACAATGTCTGATGTAGTTTC,URS0000ABD8A4_9606
RNA456,Yes,chr8,100382763,100382845,CCAAATTTAAAACTTAAACCTCTACTAAGTTTCCATGAAAAGAACCCATGGGAACTTAGTAGAGGTTTAAGTTTTAAATTTGA,URS000075BBCD_9606
RNA457,Yes,chr8,104484369,104484465,cctagaatgttattaggtcggtgcaaaagtaattgcgagttttaccattactttcaatggcaaaactggcaattacttttgcaccaacgtaatactt,URS000075E95F_9606
RNA458,Yes,chr8,117920856,117920913,GCTTGATGATGTGTTGGAGGAGCAAACTGGTGGCACCCAAGGCTCTGTTCTGAAGCAG,URS0000ABD882_9606
RNA459,Yes,chr8,119325171,119325265,agattgtattaggttggtgcaaaagtgattgtggtttttgctgttacttttaatggcaaaaactgcaatcacttttgcaccaacctaataaattt,URS000075BDD8_9606
RNA460,Yes,chr8,127999131,127999294,atacttacctggcaggggagataccatgatcacaaaggtggtttccccagggtgaggcttatccattgcactcccgatgtgctgacccctgtgattcccccaaatgtgggagacttgactgcataatttgtggtaatgggggactgcatttacacttttccctg,URS0000705A6A_9606
RNA461,Yes,chr8,128049152,128049238,GCAGGGCTGGCAGGGAGGCTGGGAGGGGCTGGCTGGGTCTGGTAGTGGGCATCAGCTGGCCCTCATTTCTTAAGACAGCACTTCTGT,URS000063AB20_9606
RNA462,Yes,chr8,129484057,129484142,ctcacctcattcatttaccttctcttacagatcacttttctgcactggacagtgatctgtaagagaaagtaaatgaaagaggtgag,URS000075EB23_9606
RNA463,Yes,chr8,134800520,134800607,ACCAAGTTTCAGTTCATGTAAACATCCTACACTCAGCTGTAATACATGGATTGGCTGGGAGGTGGATGTTTACTTCAGCTGACTTGGA,URS00003426E6_9606
RNA464,Yes,chr8,143506185,143506248,GCCAAGTGATGATTTTCCTCAGGGCGGACCCAGCAGGGCCTCTCCTTCTGGATTCTGAAGGCCA,URS0000ABD85D_9606
RNA465,Yes,chr9,20716105,20716188,TTGACTTAGCTGGGTAGTGGGGAACCCTTCCATGAGGAGTAGAACACTCCTTATGCAAGATTCCCTTCTACCTGGCTGGGTTGG,URS0000698489_9606
RNA466,Yes,chr9,95065350,95065446,CCACCACGGTGCTGGCACCAGGGCCTCTGCCCCGTAGGACACCGAGGCTTATGAATAGGAGCAGTGCCGGCCAAGGCGCCGGCACCATCTTGGTGAT,URS000075E2FC_9606
RNA467,Yes,chr9,95085445,95085541,ACCTCTCTAACAAGGTGCAGAGCTTAGCTGATTGGTGAACAGTGATTGGTTTCCGCTTTGTTCACAGTGGCTAAGTTCTGCACCTGAAGAGAAGGTG,URS000075B0A5_9606
RNA468,Yes,chr9,114209434,114209529,TCCCTGGCGTGAGGGTATGTGCCTTTGGACTACATCGTGGAAGCCAGCACCATGCAGTCCATGGGCATATACACTTGCCTCAAGGCCTATGTCATC,URS000075AC6B_9606
RNA469,Yes,chr9,123485529,123485622,CACGGTGTCCCCTGGTGGAACCTGGCAGGGGGAGAGGTAAGGTCTTTCAGCCTCTCCAAAGCCCATGGTCAGGTACTCAGGTGGGGGAGCCCTG,URS000075DA11_9606
RNA470,Yes,chr9,127690687,127690795,GGGTGAGGATGTGTGTGGATCCTGGAGGAGGCAGAGAAGACAGTGAGCTTGCCAGTTCTGGTTTCCAACACTTCCTTTCCTGCGCTTCTCGATTCCCAGATCTGCACCC,URS000075C684_9606
RNA471,Yes,chr9,128244721,128244830,CCAGAGGACACCTCCACTCCGTCTACCCAGTGTTTAGACTATCTGTTCAGGACTCCCAAATTGTACAGTAGTCTGCACATTGGTTAGGCTGGGCTGGGTTAGACCCTCGG,URS000075E907_9606
RNA472,Yes,chr9,128392618,128392714,ACTCAGGGGCTTCGCCACTGATTGTCCAAACGCAATTCTTGTACGAGTCTGCGGCCAACCGAGAATTGTGGCTGGACATCTGTGGCTGAGCTCCGGG,URS000075B0B0_9606
RNA473,Yes,chr9,133350846,133350913,TTGCCAATGATGGTTAAGAATTTCTTCACCTGAATAAACCATGTGGTCAGCATTGCATCTGAGGCAAA,URS0000215639_9606
RNA474,Yes,chr9,134164440,134164564,GTGTTGTATGAAAGGAGAGAAGGTTAGCACTCCCCTTGACAAGGATGGAAGAGGCCCTCGGGCCTGACAACACGCATACGGTTAAGGCATTGCCACCTACTTCGTGGCATCTAACCATCGTTTtt,URS0000443498_9606
RNA475,Yes,chr9,136546173,136546259,CCCAGGCGCCCGCTCCCGACCCACGCCGCGCCGCCGGGTCCCTCCTCCCCGGAGAGGCTGGGCTCGGGACGCGCGGCTCAGCTCGGG,URS000075A2C1_9606
RNA476,Yes,chrX,7147860,7147937,ACATGGGCCCGCGGGCGCTCCTGGCCGCCGCCCGACTTCGGGGCCAGCCGGGGGCAGAGCGCGCGGGAGCCCGAGCGT,URS000075C952_9606
RNA477,Yes,chrX,28495555,28495663,TGGGCCTTGATGTCAGTAGGGCTCAGTAGGGAACTGACCCTCTATTTCCACCTGCATAAATGAAGCTGAATGAGGTGGTAGGATGTAGAGCTGGTTGACACTCTGCTTT,URS000075A660_9606
RNA478,Yes,chrX,32641474,32641559,TAttaggttgctgcaaaagtaatcatgtttttttccattgtaagtaatgggaaaaactgtaattacttttgtaccaacctaaTAGC,URS000075EBAA_9606
RNA479,Yes,chrX,38023895,38023986,AAGGTAttaggttggtgcaaaagtaattgcagtttttgctattacttttaatggtaaaaactgcaattacttttacaccaacctaaTATTTA,URS000075A019_9606
RNA480,Yes,chrX,52336557,52336642,GGGAGGAGGGCCTCGGTACTGGAAAGGGGTATGGATTCTGTTGTTTTGGCAACATTCTTCTTATCGGCACTGGGTCACTCAGCTCA,URS000075E467_9606
RNA481,Yes,chrX,53405673,53405765,GCTTGTTGGGGATTGGGTCAGGCCAGTGTTCAAGGGCCCCTCCTCTAGTACTCCCTGTTTGTGTTCTGCCACTGACTGAGCTTCTCCCCACAG,URS000075E5E4_9606
RNA482,Yes,chrX,70846081,70846295,aagactatactttcagggatcatttctatagtttgttactagagaagtttctctgaacgtgtatagcactgaaaaccacaaagaagaggtgcagcattatctcctaagtgtaaagccggctcttgatgttgctttgctgcaactgccatttgccattgatgatcgttcttttcttcctttgggagactgggaaggaaaggatgcaatctgagtgg,URS0000814588_9606
RNA483,Yes,chrX,76919273,76919360,TGTTAAATCAGGAATTTTAAACAATTCCTAGACAATATGTATAATGTTCATAAGTCATTCCTAGAAATTGTTCATAATGCCTGTAACA,URS000070E91B_9606
RNA484,Yes,chrX,95063141,95063226,atattaggttggtgcaaaggtatttgtggtttttgtcattaaagtaatgcaaaagccacaaatacctttgcaccaacctaaTATTA,URS000075B476_9606
RNA485,Yes,chrX,110082118,110082218,TCAGTGGAAAGCATGCATCCAGGGTGTGGAGCCAAAATTAGAAGGGCCAAAATTCTACCTGGCCCACTACCACAGCAACCTTGGGCATCGTTTTCTTTTGA,URS000075D60F_9606
RNA486,Yes,chrX,114651544,114651623,CTCTAGGATGTGCTCATTGCATGGGCTGTGTATAGTATTATTCAATACCCAGAGCATGCAGTGTGAACATAATAGAGATT,URS0000638502_9606
RNA487,Yes,chrX,114763184,114763263,TCGGCATCTGCTGAGTACCGCCATGTCTGTTGGGCATCCACAGTCTCCCACCAGGCATTGTGGTCTCCGCTgacgctttg,URS000075AC24_9606
RNA488,Yes,chrX,119646738,119646848,GCATCCTCAGGACCTGGGCTTGGGTGGTAGGAGGAATTGGTGCTGGTCTTTCATTTTGGATTTGACTCCAGCCCCACAGCCTCAGCCACCCCAGCCAATTGTCATAGGAGC,URS000075ADF2_9606
RNA489,Yes,chrX,134169538,134169612,TCATCCCTGGGTGGGGATTTGTTGCATTACTTGTGTTCTATATAAAGTATTGCACTTGTCCCGGCCTGTGGAAGA,URS00002E728C_9606
RNA490,Yes,chrX,134540185,134540262,GCAGAATTATTTTTGCAATATGTTCCTGAATATGTAATATAAGTGTATTGGGATCATTTTGCATCCATAGTTTtgtat,URS000075C453_9606
RNA491,Yes,chrX,134546614,134546711,CGAGGGGATACAGCAGCAATTCATGTTTTGAAGTGTTCTAAATGGTTCAAAACGTGAGGCGCTGCTATACCCCCTCGTGGGGAAGGTAGAAGGTGGGG,URS000075BC52_9606
RNA492,Yes,chrX,145996669,145996743,GCAGTGCCTTACTCAGAAAGGTGCCAGTCACTTACACTACATGTCACTGTGTCCTTTCTGCGTAGAGTAAGGCTC,URS0000759C52_9606
RNA493,Yes,chrX,145997198,145997274,TGCAATGCCCTACTCAGAAAGGTGCCATTTATGTAGATTTTATGTCACTGGCTCCTTTCTGGGTAGAGCAAGGCTCA,URS0000759FDD_9606
RNA494,Yes,chrX,147230984,147231077,GTGCTGTGTGTAGTGCTTCACTTCAAGAAGTGCCATGCATGTGTCTAGAAATATGTTTTGCACCTTTTGGAGTGAAATAATGCACAACAGATAC,URS000075B543_9606
RNA495,Yes,chrX,147258760,147258850,CATGCTGTGTGTGGTACCCTACTGCAGACAGTGGCAATCATGTATAATTAAAAATGATTGGTACGTCTGTGGGTAGAGTACTGCATGACAC,URS000075D902_9606
RNA496,Yes,chrX,147259652,147259726,GTGGTACCCTACTGCAGACGTGGCAATCATGTATAATTAAAAATGATTGGTACGTCTGTGGGTAGAGTACTGCAT,URS000075B370_9606
RNA497,Yes,chrX,147279247,147279344,AACATGTTGTCTGTGGTACCCTACTCTGGAGAGTGACAATCATGTATAATTAAATTTGATTGACACTTCTGTGAGTAGAGTAACGCATGACACGTACG,URS000075E537_9606
RNA498,Yes,chrX,150228004,150228083,CCTCCATGCTCCTAGTCCCTTCCTTGAAGCGGTCGGATAATCACATGACGAGCCTCAAGCAAGGGActtcaagctggtgg,URS000075C62B_9606
RNA499,Yes,chrX,151959628,151959712,GCTAAGCACTTACAACTGTTTGCAGAGGAAACTGAGACTTTGTAACTATGTCTCAGTCTCATCTGCAAAGAAGTAAGTGCTTTGC,URS00006BFE9D_9606
RNA500,Yes,chrX,152393421,152393529,GCTTTTATATTGTAGGTTTTTGCTCATGCACCATGGTTGTCTGAGCATGCAGCATGCTTGTCTGCTCATACCCCATGGTTTCTGAGCAGGAACCTTCATTGTCTACTGC,URS000075ED21_9606
